sample_id,population,store_a,store_b,kind,similarity,name_a,name_b,brand_a,brand_b,volume_ml_a,volume_ml_b,concentration_a,concentration_b,label,reviewer_note,url_a,url_b
1,direct_preunic-dperfumes,preunic,dperfumes,auto:same_name,0.947,Afnan 9Pm Perfume For Men 100 ml,9pm Eau de Parfum 100 ml – Afnan,Afnan,Afnan,100,100,,edp,,,https://preunic.cl/products/afnan-9pm-perfume-for-men-100-ml,https://dperfumes.cl/9pm-eau-de-parfum-100-ml-afnan/
2,direct_preunic-dperfumes,preunic,dperfumes,auto:same_name,0.901,Fragancia blue seduction women,Blue Seduction for Women Eau de Toilette 200 ml – Antonio Banderas,Antonio Banderas,Antonio Banderas,200,200,edt,edt,,,https://preunic.cl/products/fragancia-blue-seduction-women,https://dperfumes.cl/blue-seduction-for-women-edt-200-ml-antonio-banderas/
3,direct_preunic-dperfumes,preunic,dperfumes,auto:same_name,0.944,Eau de Toilette DIAVOLO de 100ml,Diavolo for Men Eau de Toilette 100 ml – Antonio Banderas,Antonio Banderas,Antonio Banderas,100,100,edt,edt,,,https://preunic.cl/products/eau-de-toilette-diavolo,https://dperfumes.cl/diavolo-for-men-edt-100-ml-antonio-banderas/
4,direct_preunic-dperfumes,preunic,dperfumes,auto:same_name,0.895,Perfume de Hombre Diavolo,Diavolo for Men Eau de Toilette 200 ml – Antonio Banderas,Antonio Banderas,Antonio Banderas,200,200,,edt,,,https://preunic.cl/products/perfume-de-hombre-diavolo,https://dperfumes.cl/diavolo-for-men-edt-200-ml-antonio-banderas/
5,direct_preunic-dperfumes,preunic,dperfumes,auto:same_name,0.873,Pefume Mediterraneo,Mediterráneo Eau de Toilette 100 ml – Antonio Banderas,Antonio Banderas,Antonio Banderas,100,100,,edt,,,https://preunic.cl/products/pefume-mediterraneo,https://dperfumes.cl/mediterraneo-eau-de-toilette-100-ml-antonio-banderas/
6,direct_preunic-dperfumes,preunic,dperfumes,auto:same_name,0.894,Perfume Mediterraneo,Mediterráneo Eau de Toilette 200 ml – Antonio Banderas,Antonio Banderas,Antonio Banderas,200,200,,edt,,,https://preunic.cl/products/perfume-mediterraneo,https://dperfumes.cl/mediterraneo-eau-de-toilette-200-ml-antonio-banderas/
7,direct_preunic-dperfumes,preunic,dperfumes,auto:same_name,0.956,Perfume The Icon Elixir Antonio Banderas Edp 100 Ml,The Icon Elixir Eau de Parfum 100 ml – Antonio Banderas,Antonio Banderas,Antonio Banderas,100,100,edp,edp,,,https://preunic.cl/products/perfume-the-icon-elixir-antonio-banderas-edp-100-ml,https://dperfumes.cl/the-icon-elixir-eau-de-parfum-100-ml-antonio-banderas/
8,direct_preunic-dperfumes,preunic,dperfumes,auto:same_name,0.931,Antonio Banderas The Icon EDT 100ml - Perfume Hombre,The Icon for Men Eau de Toilette 100 ml – Antonio Banderas,Antonio Banderas,Antonio Banderas,100,100,edt,edt,,,https://preunic.cl/products/ab-the-icon-edt-100ml,https://dperfumes.cl/the-icon-for-men-eau-de-toilette-100-ml-antonio-banderas/
9,direct_preunic-dperfumes,preunic,dperfumes,auto:same_name,0.929,Perfume Hombre Antonio Banderas The Icon EDT 200 Ml,The Icon for Men Eau de Toilette 200 ml – Antonio Banderas,Antonio Banderas,Antonio Banderas,200,200,edt,edt,,,https://preunic.cl/products/perfume-hombre-antonio-banderas-the-icon-edt-200-ml,https://dperfumes.cl/the-icon-for-men-eau-de-toilette-200-ml-antonio-banderas/
10,direct_preunic-dperfumes,preunic,dperfumes,auto:same_name,0.921,Antonio Banderas The Icon EDP 100 Ml,The Icon The Perfume Eau de Parfum 100 ml – Antonio Banderas,Antonio Banderas,Antonio Banderas,100,100,edp,edp,,,https://preunic.cl/products/antonio-banderas-the-icon-edp-100-ml,https://dperfumes.cl/the-icon-the-perfume-eau-de-parfum-100-ml-antonio-banderas/
11,direct_preunic-dperfumes,preunic,dperfumes,auto:same_name,0.933,Fragancia The Icon Femenino EDP 100 ML,The Icon Woman Eau de Parfum 100 ml – Antonio Banderas,Antonio Banderas,Antonio Banderas,100,100,edp,edp,,,https://preunic.cl/products/fragancia-the-icon-femenino-edp-100-ml,https://dperfumes.cl/the-icon-woman-eau-de-parfum-100-ml-antonio-banderas/
12,direct_preunic-dperfumes,preunic,dperfumes,auto:same_name,0.969,Body Mist ARIANA GRANDE CLOUD 236 Ml,Cloud Body Mist 236 ml – Ariana Grande,Ariana Grande,Ariana Grande,236,236,,,,,https://preunic.cl/products/body-mist-ariana-grande-cloud-236-ml,https://dperfumes.cl/cloud-body-mist-236-ml-ariana-grande/
13,direct_preunic-dperfumes,preunic,dperfumes,auto:same_name,0.946,Perfume Ariana Grande CLOUD EDP 30 ML,Cloud Eau de Parfum 30 ml – Ariana Grande,Ariana Grande,Ariana Grande,30,30,edp,edp,,,https://preunic.cl/products/perfume-ariana-grande-cloud-edp-30-ml,https://dperfumes.cl/cloud-edp-30-ml-ariana-grande/
14,direct_preunic-dperfumes,preunic,dperfumes,auto:same_name,0.969,Body Mist ARIANA GRANDE Sweet LIKE CANDY 236 Ml,Sweet Like Candy Body Mist 236 ml – Ariana Grande,Ariana Grande,Ariana Grande,236,236,,,,,https://preunic.cl/products/body-mist-ariana-grande-sweet-like-candy-236-ml,https://dperfumes.cl/sweet-like-candy-body-mist-236-ml-ariana-grande/
15,direct_preunic-dperfumes,preunic,dperfumes,auto:same_name,0.942,Perfume Hombre Armaf Club De Nuit Intense EDT 105 Ml,Club de Nuit Intense Man Eau de Toilette 105 ml – Armaf,Armaf,Armaf,105,105,edt,edt,,,https://preunic.cl/products/perfume-hombre-armaf-club-de-nuit-intense-edt-105-ml,https://dperfumes.cl/club-de-nuit-intense-man-edt-105-ml-armaf/
16,direct_preunic-dperfumes,preunic,dperfumes,auto:same_name,0.918,Perfume Mujer  Lattafa Yara EDP 100 Ml,Yara Eau de Parfum 100 ml – Lattafa,Lataffa,Lattafa,100,100,edp,edp,,,https://preunic.cl/products/perfume-mujer-lattafa-yara-edp-100-ml,https://dperfumes.cl/yara-eau-de-parfum-100-ml-lattafa/
17,direct_preunic-dperfumes,preunic,dperfumes,auto:same_name,0.976,P.hilton Body Mist X236ml Can Can,Can Can Body Mist 236 ml – Paris Hilton,Paris Hilton,Paris Hilton,236,236,edt,,,,https://preunic.cl/products/p-hilton-body-mist-x236ml-can-can,https://dperfumes.cl/can-can-body-mist-236-ml-paris-hilton/
18,direct_preunic-dperfumes,preunic,dperfumes,auto:same_name,0.931,Paris Hilton Can Can Woman Edp X30Ml,Can Can Eau de Parfum 30 ml – Paris Hilton,Paris Hilton,Paris Hilton,30,30,edp,edp,,,https://preunic.cl/products/paris-hilton-can-can-woman-edp-x30ml,https://dperfumes.cl/can-can-edp-30-ml-paris-hilton/
19,direct_preunic-dperfumes,preunic,dperfumes,auto:same_name,0.974,Paris Hilton Body Mist Gold Rush X236ml,Gold Rush Body Mist 236 ml – Paris Hilton,Paris Hilton,Paris Hilton,236,236,edt,,,,https://preunic.cl/products/paris-hilton-body-mist-gold-rush-x236ml,https://dperfumes.cl/gold-rush-body-mist-236-ml-paris-hilton/
20,direct_preunic-dperfumes,preunic,dperfumes,auto:same_name,0.976,Body Mist Heiress Paris Hilton 236 Ml,Heiress Body Mist 236 ml – Paris Hilton,Paris Hilton,Paris Hilton,236,236,edt,,,,https://preunic.cl/products/p-hilton-body-mist-x236ml-heiress,https://dperfumes.cl/heiress-body-mist-236-ml-paris-hilton/
21,direct_preunic-dperfumes,preunic,dperfumes,auto:same_name,0.974,P.hilton Body Mist X236ml Paris,Paris Hilton Body Mist 236 ml – Paris Hilton,Paris Hilton,Paris Hilton,236,236,edt,,,,https://preunic.cl/products/p-hilton-body-mist-x236ml-paris,https://dperfumes.cl/paris-hilton-body-mist-236-ml-paris-hilton/
22,direct_preunic-dperfumes,preunic,dperfumes,auto:same_name,0.924,Perfume Hombre Tommy EDT 30 Ml,Tommy Eau de Toilette 30 ml – Tommy Hilfiger,Tommy Hilfiger,Tommy Hilfiger,30,30,edt,edt,,,https://preunic.cl/products/perfume-hombre-tommy-edt-30-ml,https://dperfumes.cl/tommy-edt-30-ml-tommy-hilfiger/
23,direct_preunic-dperfumes,preunic,dperfumes,auto:same_name,0.929,Perfume Mujer Tommy Girl EDT 30 Ml,Tommy Girl Eau de Toilette 30 ml – Tommy Hilfiger,Tommy Hilfiger,Tommy Hilfiger,30,30,edt,edt,,,https://preunic.cl/products/perfume-mujer-tommy-girl-edt-30-ml,https://dperfumes.cl/tommy-girl-edt-30-ml-tommy-hilfiger/
24,direct_preunic-dperfumes,preunic,dperfumes,auto:same_name,0.935,Perfume Mujer Tommy Girl Now EDT 100 Ml,Tommy Girl Now Eau de Toilette 100 ml – Tommy Hilfiger,Tommy Hilfiger,Tommy Hilfiger,100,100,edt,edt,,,https://preunic.cl/products/perfume-mujer-tommy-girl-now-edt-100-ml,https://dperfumes.cl/tommy-girl-now-edt-100-ml-tommy-hilfiger/
25,direct_maicao-dperfumes,maicao,dperfumes,auto:same_name,0.958,Eau de Toilette Seduction In Black 200 mL,Black Seduction for Men Eau de Toilette 200 ml – Antonio Banderas,ANTONIO BANDERAS,Antonio Banderas,200,200,edt,edt,,,https://www.maicao.cl/eau-de-toilette-seduction-in-black-200-ml/CLMC_272823.html,https://dperfumes.cl/black-seduction-for-men-eau-de-toilette-200-ml-antonio-banderas/
26,direct_maicao-dperfumes,maicao,dperfumes,auto:same_name,0.969,Eau de Toilette Blue seduction For Men 100 mL,Blue Seduction for Men Eau de Toilette 100 ml – Antonio Banderas,ANTONIO BANDERAS,Antonio Banderas,100,100,edt,edt,,,https://www.maicao.cl/eau-de-toilette-blue-seduction-for-men-100-ml/CLMC_256140.html,https://dperfumes.cl/blue-seduction-for-men-edt-100-ml-antonio-banderas/
27,direct_maicao-dperfumes,maicao,dperfumes,auto:same_name,0.941,Blue Seduction Man EDT 200 mL,Blue Seduction for Men Eau de Toilette 200 ml – Antonio Banderas,ANTONIO BANDERAS,Antonio Banderas,200,200,edt,edt,,,https://www.maicao.cl/blue-seduction-man-edt-200-ml/CLMC_272822.html,https://dperfumes.cl/blue-seduction-for-men-edt-200-ml-antonio-banderas/
28,direct_maicao-dperfumes,maicao,dperfumes,auto:same_name,0.943,Blue Seduction Woman 200 mL,Blue Seduction for Women Eau de Toilette 200 ml – Antonio Banderas,ANTONIO BANDERAS,Antonio Banderas,200,200,,edt,,,https://www.maicao.cl/blue-seduction-woman-200-ml/CLMC_275500.html,https://dperfumes.cl/blue-seduction-for-women-edt-200-ml-antonio-banderas/
29,direct_maicao-dperfumes,maicao,dperfumes,auto:same_name,0.950,Eau De Toilette Diavolo 100 mL,Diavolo for Men Eau de Toilette 100 ml – Antonio Banderas,ANTONIO BANDERAS,Antonio Banderas,100,100,edt,edt,,,https://www.maicao.cl/eau-de-toilette-diavolo-100-ml/CLMC_124155.html,https://dperfumes.cl/diavolo-for-men-edt-100-ml-antonio-banderas/
30,direct_maicao-dperfumes,maicao,dperfumes,auto:same_name,0.958,Diavolo For Men Eau De Toilette Natural Spray 200 mL,Diavolo for Men Eau de Toilette 200 ml – Antonio Banderas,ANTONIO BANDERAS,Antonio Banderas,200,200,edt,edt,,,https://www.maicao.cl/diavolo-for-men-eau-de-toilette-natural-spray-200-ml/CLMC_261594.html,https://dperfumes.cl/diavolo-for-men-edt-200-ml-antonio-banderas/
31,direct_maicao-dperfumes,maicao,dperfumes,auto:same_name,0.950,Mediterráneo Eau de Toilette de 100 mL,Mediterráneo Eau de Toilette 100 ml – Antonio Banderas,ANTONIO BANDERAS,Antonio Banderas,100,100,edt,edt,,,https://www.maicao.cl/mediterraneo-eau-de-toilette-de-100-ml/CLMC_124196.html,https://dperfumes.cl/mediterraneo-eau-de-toilette-100-ml-antonio-banderas/
32,direct_maicao-dperfumes,maicao,dperfumes,auto:same_name,0.951,Mediterráneo Eau de Toilette de 200 mL,Mediterráneo Eau de Toilette 200 ml – Antonio Banderas,ANTONIO BANDERAS,Antonio Banderas,200,200,edt,edt,,,https://www.maicao.cl/mediterraneo-eau-de-toilette-de-200-ml/CLMC_261637.html,https://dperfumes.cl/mediterraneo-eau-de-toilette-200-ml-antonio-banderas/
33,direct_maicao-dperfumes,maicao,dperfumes,auto:same_name,0.957,The Secret Eau de Toilette de 200 mL,The Secret Eau de Toilette 200 ml – Antonio Banderas,ANTONIO BANDERAS,Antonio Banderas,200,200,edt,edt,,,https://www.maicao.cl/the-secret-eau-de-toilette-de-200-ml/CLMC_274468.html,https://dperfumes.cl/the-secret-eau-de-toilette-200-ml-antonio-banderas/
34,direct_maicao-dperfumes,maicao,dperfumes,auto:same_name,0.967,Ariana Grande Cloud 236 ML Body Mist (M),Cloud Body Mist 236 ml – Ariana Grande,ARIANA GRANDE,Ariana Grande,236,236,,,,,https://www.maicao.cl/ariana-grande-cloud-236-ml-body-mist-m/CLMC_560586.html,https://dperfumes.cl/cloud-body-mist-236-ml-ariana-grande/
35,direct_maicao-dperfumes,maicao,dperfumes,auto:same_name,0.929,Ariana Grande Cloud EDP 30 ML (M),Cloud Eau de Parfum 30 ml – Ariana Grande,ARIANA GRANDE,Ariana Grande,30,30,edp,edp,,,https://www.maicao.cl/ariana-grande-cloud-edp-30-ml-m/CLMC_560588.html,https://dperfumes.cl/cloud-edp-30-ml-ariana-grande/
36,direct_maicao-dperfumes,maicao,dperfumes,auto:same_name,0.972,Chrome Eau De Toilette 30 mL,Chrome Eau de Toilette 30 ml – Azzaro,AZZARO,Azzaro,30,30,edt,edt,,,https://www.maicao.cl/chrome-eau-de-toilette-30-ml/CLMC_398607.html,https://dperfumes.cl/chrome-eau-de-toilette-30-ml-azzaro/
37,direct_maicao-dperfumes,maicao,dperfumes,auto:same_name,0.910,Yara W.EDP SP100M,Yara Eau de Parfum 100 ml – Lattafa,LATTAFA,Lattafa,100,100,edp,edp,,,https://www.maicao.cl/yara-wedp-sp100m/CLMC_589472.html,https://dperfumes.cl/yara-eau-de-parfum-100-ml-lattafa/
38,direct_maicao-dperfumes,maicao,dperfumes,auto:same_name,0.939,Legend Eau De Toilette Hombre Spray 30 mL,Legend Eau de Toilette 30 ml – Montblanc,MONT BLANC,Montblanc,30,30,edt,edt,,,https://www.maicao.cl/legend-eau-de-toilette-hombre-spray-30-ml/CLMC_282199.html,https://dperfumes.cl/legend-edt-30-ml-montblanc/
39,direct_maicao-dperfumes,maicao,dperfumes,auto:same_name,0.957,Perfume Corporal Body Mist Spray 236 mL,Paris Hilton Body Mist 236 ml – Paris Hilton,PARIS HILTON,Paris Hilton,236,236,,,,,https://www.maicao.cl/perfume-corporal-body-mist-spray-236-ml/CLMC_283840.html,https://dperfumes.cl/paris-hilton-body-mist-236-ml-paris-hilton/
40,direct_maicao-dperfumes,maicao,dperfumes,auto:same_name,0.919,Sabrina Carpenter Sweet Tooth EDP 75 ML,Sweet Tooth Eau de Parfum 75 ml – Sabrina Carpenter,Sabrina Carpenter,Sabrina Carpenter,75,75,edp,edp,,,https://www.maicao.cl/sabrina-carpenter-sweet-tooth-edp-75-ml/CLMC_575882.html,https://dperfumes.cl/sweet-tooth-eau-de-parfum-75-ml-sabrina-carpenter/
41,direct_salcobrand-dperfumes,salcobrand,dperfumes,auto:same_name,0.926,Perfume Adidas Para Hombres Ice Dive EDT 100ml,Ice Dive Eau de Toilette 100 ml – Adidas,Adidas,Adidas,100,100,edt,edt,,,https://salcobrand.cl/products/perfume-para-hombres-ice-dive-100-ml?default_sku=579293,https://dperfumes.cl/ice-dive-eau-de-toilette-100-ml-adidas/
42,direct_salcobrand-dperfumes,salcobrand,dperfumes,auto:same_name,0.944,Perfume Antonio Banderas Blue Seduction Man EDT 100ml,Blue Seduction for Men Eau de Toilette 100 ml – Antonio Banderas,Antonio Banderas,Antonio Banderas,100,100,edt,edt,,,https://salcobrand.cl/products/perfume-antonio-banderas-blue-seduction-man-edt-100ml?default_sku=589070,https://dperfumes.cl/blue-seduction-for-men-edt-100-ml-antonio-banderas/
43,direct_salcobrand-dperfumes,salcobrand,dperfumes,auto:same_name,0.950,Perfume Hombre Blue Seduction Eau de Toilette 200 ml,Blue Seduction for Men Eau de Toilette 200 ml – Antonio Banderas,Banderas,Antonio Banderas,200,200,edt,edt,,,https://salcobrand.cl/products/perfume-hombre-blue-seduction-eau-de-toilette-200-ml?default_sku=4980137,https://dperfumes.cl/blue-seduction-for-men-edt-200-ml-antonio-banderas/
44,direct_salcobrand-dperfumes,salcobrand,dperfumes,auto:same_name,0.955,Perfume Mujer Blue Seduction For Women Eau de Toilette 200 ml,Blue Seduction for Women Eau de Toilette 200 ml – Antonio Banderas,Banderas,Antonio Banderas,200,200,edt,edt,,,https://salcobrand.cl/products/perfume-mujer-blue-seduction-for-women-eau-de-toilette-200-ml?default_sku=4980103,https://dperfumes.cl/blue-seduction-for-women-edt-200-ml-antonio-banderas/
45,direct_salcobrand-dperfumes,salcobrand,dperfumes,auto:same_name,0.955,Perfume Hombre Diavolo For Men Eau de Toilette 100 ml,Diavolo for Men Eau de Toilette 100 ml – Antonio Banderas,Banderas,Antonio Banderas,100,100,edt,edt,,,https://salcobrand.cl/products/perfume-hombre-diavolo-for-men-eau-de-toilette-100-ml?default_sku=4987190,https://dperfumes.cl/diavolo-for-men-edt-100-ml-antonio-banderas/
46,direct_salcobrand-dperfumes,salcobrand,dperfumes,auto:same_name,0.938,Perfume Hombre Mediterráneo Eau de Toilette 100 ml,Mediterráneo Eau de Toilette 100 ml – Antonio Banderas,Banderas,Antonio Banderas,100,100,edt,edt,,,https://salcobrand.cl/products/perfume-hombre-mediterraneo-eau-de-toilette-100-ml?default_sku=4980270,https://dperfumes.cl/mediterraneo-eau-de-toilette-100-ml-antonio-banderas/
47,direct_salcobrand-dperfumes,salcobrand,dperfumes,auto:same_name,0.952,Perfume Hombre Mediterráneo Eau de Toilette 200 ml,Mediterráneo Eau de Toilette 200 ml – Antonio Banderas,Antonio Banderas,Antonio Banderas,200,200,edt,edt,,,https://salcobrand.cl/products/perfume-hombre-mediterraneo-eau-de-toilette-200-ml?default_sku=4980591,https://dperfumes.cl/mediterraneo-eau-de-toilette-200-ml-antonio-banderas/
48,direct_salcobrand-dperfumes,salcobrand,dperfumes,auto:same_name,0.946,Perfume Hombre The Icon Elixir Eau de Parfum 100 ml,The Icon Elixir Eau de Parfum 100 ml – Antonio Banderas,Banderas,Antonio Banderas,100,100,edp,edp,,,https://salcobrand.cl/products/perfume-hombre-the-icon-elixir-eau-de-parfum-100-ml?default_sku=584644,https://dperfumes.cl/the-icon-elixir-eau-de-parfum-100-ml-antonio-banderas/
49,direct_salcobrand-dperfumes,salcobrand,dperfumes,auto:same_name,0.929,Antonio Banderas The Icon EDT Perfume Hombre 200ml,The Icon for Men Eau de Toilette 200 ml – Antonio Banderas,Antonio Banderas,Antonio Banderas,200,200,edt,edt,,,https://salcobrand.cl/products/antonio-banderas-the-icon-edt-perfume-hombre-200ml?default_sku=584759,https://dperfumes.cl/the-icon-for-men-eau-de-toilette-200-ml-antonio-banderas/
50,direct_salcobrand-dperfumes,salcobrand,dperfumes,auto:same_name,0.963,Ariana Grande Perfume Cloud Body Mist 236ml,Cloud Body Mist 236 ml – Ariana Grande,Ariana Grande,Ariana Grande,236,236,,,,,https://salcobrand.cl/products/ariana-grande-perfume-cloud-body-mist-236ml?default_sku=585173,https://dperfumes.cl/cloud-body-mist-236-ml-ariana-grande/
51,direct_salcobrand-dperfumes,salcobrand,dperfumes,auto:same_name,0.957,Ariana Grande Perfume Cloud 30ml,Cloud Eau de Parfum 30 ml – Ariana Grande,Ariana Grande,Ariana Grande,30,30,,edp,,,https://salcobrand.cl/products/ariana-grande-perfume-cloud-30ml?default_sku=585165,https://dperfumes.cl/cloud-edp-30-ml-ariana-grande/
52,direct_salcobrand-dperfumes,salcobrand,dperfumes,auto:same_name,0.970,Ariana Grande Sweet Like Candy Body Mist 236ml,Sweet Like Candy Body Mist 236 ml – Ariana Grande,Ariana Grande,Ariana Grande,236,236,,,,,https://salcobrand.cl/products/ariana-grande-s-like-candy-body-mist-236ml?default_sku=585170,https://dperfumes.cl/sweet-like-candy-body-mist-236-ml-ariana-grande/
53,direct_salcobrand-dperfumes,salcobrand,dperfumes,auto:same_name,0.940,Perfume Azzaro Pour Homme EDT 30ml,Azzaro pour Homme Eau de Toilette 30 ml – Azzaro,Azzaro,Azzaro,30,30,edt,edt,,,https://salcobrand.cl/products/perfume-azzaro-pour-homme-edt-30ml?default_sku=585083,https://dperfumes.cl/azzaro-pour-homme-edt-30-ml-azzaro-sin-celofan-oferta-sin-cambio-o-devolucion/
54,direct_salcobrand-dperfumes,salcobrand,dperfumes,auto:same_name,0.925,Amor Amor Cacharel Woman EDT 30 ml,Amor Amor Eau de Toilette 30 ml – Cacharel,Cacharel,Cacharel,30,30,edt,edt,,,https://salcobrand.cl/products/amor-amor-cacharel-woman-edt-30-ml?default_sku=4906369,https://dperfumes.cl/amor-amor-edt-30-ml-cacharel/
55,direct_salcobrand-dperfumes,salcobrand,dperfumes,auto:same_name,0.941,Perfume Anais Anais Cacharel EDT 30ml,Anais Anais Eau de Toilette 30 ml – Cacharel,Cacharel,Cacharel,30,30,edt,edt,,,https://salcobrand.cl/products/perfume-anais-anais-cacharel-edt-30ml?default_sku=4902041,https://dperfumes.cl/anais-anais-eau-de-toilette-30-ml-cacharel/
56,direct_salcobrand-dperfumes,salcobrand,dperfumes,auto:same_name,0.923,Perfume Calvin Klein In2u Mujer EDT 100ml,CK In2U for Her Eau de Toilette 100 ml – Calvin Klein,Calvin Klein,Calvin Klein,100,100,edt,edt,,,https://salcobrand.cl/products/perfume-calvin-klein-in2u-mujer-edt-100ml?default_sku=582313,https://dperfumes.cl/ck-in2u-for-her-edt-100-ml-calvin-klein/
57,direct_salcobrand-dperfumes,salcobrand,dperfumes,auto:same_name,0.923,Calvin Klein IN2U Mujer EDT 150ml,CK In2U for Her Eau de Toilette 150 ml – Calvin Klein,Calvin Klein,Calvin Klein,150,150,edt,edt,,,https://salcobrand.cl/products/calvin-klein-u-dama-edt-150ml?default_sku=584918,https://dperfumes.cl/ck-in2u-for-her-edt-150-ml-calvin-klein/
58,direct_salcobrand-dperfumes,salcobrand,dperfumes,auto:same_name,0.929,Perfume Calvin Klein In2u Hombre EDT 100ml,CK In2U for Him Eau de Toilette 100 ml – Calvin Klein,Calvin Klein,Calvin Klein,100,100,edt,edt,,,https://salcobrand.cl/products/perfume-calvin-klein-in2u-hombre-edt-100ml?default_sku=582314,https://dperfumes.cl/ck-in2u-for-him-edt-100-ml-calvin-klein/
59,direct_salcobrand-dperfumes,salcobrand,dperfumes,auto:same_name,0.913,Perfume David Doff Cool Water EDT 30ml,Cool Water Woman Eau de Toilette 30 ml – Davidoff,David Doff,Davidoff,30,30,edt,edt,,,https://salcobrand.cl/products/perfume-david-doff-cool-water-edt-30ml?default_sku=576564,https://dperfumes.cl/cool-water-woman-eau-de-toilette-30-ml-davidoff/
60,direct_salcobrand-dperfumes,salcobrand,dperfumes,auto:same_name,0.943,Diesel Only The Brave EDT 35ml,Only the Brave Eau de Toilette 35 ml – Diesel,Diesel,Diesel,35,35,edt,edt,,,https://salcobrand.cl/products/diesel-only-the-brave-edt-35ml?default_sku=585016,https://dperfumes.cl/only-the-brave-edt-35-ml-diesel/
61,direct_salcobrand-dperfumes,salcobrand,dperfumes,auto:same_name,0.951,Diesel Only The Brave Tattoo EDT 35ml,Only the Brave Tattoo Eau de Toilette 35 ml – Diesel,Diesel,Diesel,35,35,edt,edt,,,https://salcobrand.cl/products/diesel-only-the-brave-tattoo-edt-35ml?default_sku=585017,https://dperfumes.cl/only-the-brave-tattoo-edt-35-ml-diesel/
62,direct_salcobrand-dperfumes,salcobrand,dperfumes,auto:same_name,0.958,Be Delicious Eau de Parfum 100ml,Be Delicious Eau de Parfum 100 ml – DKNY (Donna Karan),Dkny,DKNY (Donna Karan),100,100,edp,edp,,,https://salcobrand.cl/products/be-delicious-eau-de-parfum-100-ml?default_sku=759,https://dperfumes.cl/be-delicious-edp-100-ml-dkny-donna-karan/
63,direct_salcobrand-dperfumes,salcobrand,dperfumes,auto:same_name,0.952,Halloween Blue Drop 100ml,Halloween Blue Drop Eau de Toilette 100 ml – Halloween,Halloween,Halloween,100,100,,edt,,,https://salcobrand.cl/products/halloween-blue-drop-100ml?default_sku=593542,https://dperfumes.cl/halloween-blue-drop-edt-100-ml-halloween/
64,direct_salcobrand-dperfumes,salcobrand,dperfumes,auto:same_name,0.924,Perfume Halloween Hombre Edt 125ml,Halloween Man Eau de Toilette 125 ml – Halloween,Halloween,Halloween,125,125,edt,edt,,,https://salcobrand.cl/products/perfume-halloween-hombre-edt-125ml?default_sku=575081,https://dperfumes.cl/halloween-man-edt-125-ml-halloween/
65,direct_salcobrand-dperfumes,salcobrand,dperfumes,auto:same_name,0.941,Halloween Perfume Men Man Rock On 125ml,Halloween Man Rock On Eau de Toilette 125 ml – Halloween,Halloween,Halloween,125,125,,edt,,,https://salcobrand.cl/products/halloween-perfume-men-man-rock-on-125ml?default_sku=585178,https://dperfumes.cl/halloween-man-rock-on-edt-125-ml-halloween/
66,direct_salcobrand-dperfumes,salcobrand,dperfumes,auto:same_name,0.934,Lattafa Asad Bourbon EDP 100ml,Asad Bourbon Eau de Parfum 100 ml – Lattafa,Lattafa,Lattafa,100,100,edp,edp,,,https://salcobrand.cl/products/lattafa-asad-bourbon-edp-100ml?default_sku=593584,https://dperfumes.cl/asad-bourbon-eau-de-parfum-100-ml-lattafa/
67,direct_salcobrand-dperfumes,salcobrand,dperfumes,auto:same_name,0.937,Lattafa Eclaire EDP 100ml,Eclaire Eau de Parfum 100 ml – Lattafa,Lattafa,Lattafa,100,100,edp,edp,,,https://salcobrand.cl/products/lattafa-eclaire-edp-100ml?default_sku=593585,https://dperfumes.cl/eclaire-eau-de-parfum-100-ml-lattafa/
68,direct_salcobrand-dperfumes,salcobrand,dperfumes,auto:same_name,0.931,Lattafa Yara Perfume Woman 100ml,Yara Eau de Parfum 100 ml – Lattafa,Lattafa,Lattafa,100,100,,edp,,,https://salcobrand.cl/products/lattafa-yara-perfume-woman-100ml?default_sku=591119,https://dperfumes.cl/yara-eau-de-parfum-100-ml-lattafa/
69,direct_salcobrand-dperfumes,salcobrand,dperfumes,auto:same_name,0.974,Body Mist Paris Hilton Can Can 236ml,Can Can Body Mist 236 ml – Paris Hilton,Paris Hilton,Paris Hilton,236,236,,,,,https://salcobrand.cl/products/body-mist-can-can-236-ml?default_sku=293,https://dperfumes.cl/can-can-body-mist-236-ml-paris-hilton/
70,direct_salcobrand-dperfumes,salcobrand,dperfumes,auto:same_name,0.976,Body Mist Paris Hilton Gold Rush 236ml,Gold Rush Body Mist 236 ml – Paris Hilton,Paris Hilton,Paris Hilton,236,236,,,,,https://salcobrand.cl/products/body-mist-paris-hilton-gold-rush-236ml?default_sku=573149,https://dperfumes.cl/gold-rush-body-mist-236-ml-paris-hilton/
71,direct_salcobrand-dperfumes,salcobrand,dperfumes,auto:same_name,0.952,Fragancia Paris Hilton Body Mist Heiress 236ml,Heiress Body Mist 236 ml – Paris Hilton,Paris Hilton,Paris Hilton,236,236,,,,,https://salcobrand.cl/products/body-mist-heiress-236-ml?default_sku=251,https://dperfumes.cl/heiress-body-mist-236-ml-paris-hilton/
72,direct_salcobrand-dperfumes,salcobrand,dperfumes,auto:same_name,0.974,Body Mist Paris 236ml,Paris Hilton Body Mist 236 ml – Paris Hilton,Paris Hilton,Paris Hilton,236,236,,,,,https://salcobrand.cl/products/body-mist-paris-236-ml?default_sku=266,https://dperfumes.cl/paris-hilton-body-mist-236-ml-paris-hilton/
73,direct_salcobrand-dperfumes,salcobrand,dperfumes,auto:same_name,0.929,Tommy Hilfiger Tommy Perfume Men 100ml,Tommy Eau de Toilette 100 ml – Tommy Hilfiger,Tommy Hilfiger,Tommy Hilfiger,100,100,,edt,,,https://salcobrand.cl/products/tommy-hilfiger-tommy-perfume-men-100ml?default_sku=589562,https://dperfumes.cl/tommy-edt-100-ml-tommy-hilfiger/
74,direct_salcobrand-dperfumes,salcobrand,dperfumes,auto:same_name,0.936,Tommy Hilfiger Tommy Man 30ml,Tommy Eau de Toilette 30 ml – Tommy Hilfiger,Tommy Hilfiger,Tommy Hilfiger,30,30,,edt,,,https://salcobrand.cl/products/tommy-hilfiger-tommy-man-30ml?default_sku=589556,https://dperfumes.cl/tommy-edt-30-ml-tommy-hilfiger/
75,direct_salcobrand-dperfumes,salcobrand,dperfumes,auto:same_name,0.927,Perfume Para Mujer Tommy Girl Tommy Hilfiger 100ml,Tommy Girl Eau de Toilette 100 ml – Tommy Hilfiger,Tommy Hilfiger,Tommy Hilfiger,100,100,,edt,,,https://salcobrand.cl/products/perfume-para-mujer-tommy-girl-tommy-hilfiger-100ml?default_sku=6040085,https://dperfumes.cl/tommy-girl-edt-100-ml-tommy-hilfiger/
76,direct_salcobrand-dperfumes,salcobrand,dperfumes,auto:same_name,0.946,Tommy Hilfiger Tommy Girl 30ml,Tommy Girl Eau de Toilette 30 ml – Tommy Hilfiger,Tommy Hilfiger,Tommy Hilfiger,30,30,,edt,,,https://salcobrand.cl/products/tommy-hilfiger-tommy-girl-30ml?default_sku=589555,https://dperfumes.cl/tommy-girl-edt-30-ml-tommy-hilfiger/
77,direct_salcobrand-dperfumes,salcobrand,dperfumes,auto:same_name,0.948,Perfume Tommy Girl Tommy Hilfiger 30ml,Tommy Girl Eau de Toilette 30 ml – Tommy Hilfiger,Tommy Hilfiger,Tommy Hilfiger,30,30,,edt,,,https://salcobrand.cl/products/perfume-tommy-girl-tommy-hilfiger-30ml?default_sku=1011156,https://dperfumes.cl/tommy-girl-edt-30-ml-tommy-hilfiger/
78,direct_beautyperfumes-dperfumes,beautyperfumes,dperfumes,auto:same_name,0.933,ADIDAS ICE DIVE 100ML EDT (H),Ice Dive Eau de Toilette 100 ml – Adidas,Adidas,Adidas,100,100,edt,edt,,,https://beautyperfumes.cl/products/adidas-ice-dive-100ml-edt-aicdi100h,https://dperfumes.cl/ice-dive-eau-de-toilette-100-ml-adidas/
79,direct_beautyperfumes-dperfumes,beautyperfumes,dperfumes,auto:same_name,0.936,ADIDAS PURE GAME 100ML EDT (H),Pure Game Eau de Toilette 100 ml – Adidas,Adidas,Adidas,100,100,edt,edt,,,https://beautyperfumes.cl/products/adidas-pure-game-100ml-edt-apuga100h,https://dperfumes.cl/pure-game-eau-de-toilette-100-ml-adidas/
80,direct_beautyperfumes-dperfumes,beautyperfumes,dperfumes,auto:same_name,0.934,ADIDAS TEAM FORCE 100ML EDT (H),Team Force Eau de Toilette 100 ml – Adidas,Adidas,Adidas,100,100,edt,edt,,,https://beautyperfumes.cl/products/adidas-team-force-100ml-edt-atefo100h,https://dperfumes.cl/team-force-eau-de-toilette-100-ml-adidas/
81,direct_beautyperfumes-dperfumes,beautyperfumes,dperfumes,auto:same_name,0.923,AFNAN TURATHI BLUE 90ML EDP (H),Turathi Blue Eau de Parfum 90 ml – Afnan,AFNAN,Afnan,90,90,edp,edp,,,https://beautyperfumes.cl/products/afnan-turathi-hombre-edp-90-ml-citrico-fresco-masculino-primavera-limon-juvenil,https://dperfumes.cl/turathi-blue-eau-de-parfum-90-ml-afnan/
82,direct_beautyperfumes-dperfumes,beautyperfumes,dperfumes,auto:same_name,0.945,AL HARAMAIN AMBER OUD GOLD EDITION 120ML EDP (U),Amber Oud Gold Edition Eau de Parfum 120 ml – Al Haramain,Al Haramain,Al Haramain,120,120,edp,edp,,,https://beautyperfumes.cl/products/al-haramain-amber-oud-gold-edition-edp-120ml-unisex-amberoudgold120u,https://dperfumes.cl/amber-oud-gold-edition-edp-120-ml-al-haramain/
83,direct_beautyperfumes-dperfumes,beautyperfumes,dperfumes,auto:same_name,0.947,AL HARAMAIN AMBER OUD GOLD EDITION 60ML (U),Amber Oud Gold Edition Eau de Parfum 60 ml – Al Haramain,Al Haramain,Al Haramain,60,60,,edp,,,https://beautyperfumes.cl/products/al-haramain-amber-oud-gold-edition-60ml-unisex-amberoudgold60u,https://dperfumes.cl/amber-oud-gold-edition-edp-60-ml-al-haramain/
84,direct_beautyperfumes-dperfumes,beautyperfumes,dperfumes,auto:same_name,0.923,ANIMALE ANIMALE FOR MEN 100 ML EDT (H),Animale Animale for Men Eau de Toilette 100 ml – Animale,Animale,Animale,100,100,edt,edt,,,https://beautyperfumes.cl/products/animale-for-men-100-ml-animale100h,https://dperfumes.cl/animale-animale-for-men-edt-100-ml-animale/
85,direct_beautyperfumes-dperfumes,beautyperfumes,dperfumes,auto:same_name,0.922,ANIMALE ANIMALE FOR MEN 100 ML EDT (H),Animale for Men Eau de Toilette 100 ml – Animale,Animale,Animale,100,100,edt,edt,,,https://beautyperfumes.cl/products/animale-for-men-100-ml-animale100h,https://dperfumes.cl/animale-for-men-edt-100-ml-animale/
86,direct_beautyperfumes-dperfumes,beautyperfumes,dperfumes,auto:same_name,0.928,ANTONIO BANDERAS BLACK SEDUCTION 100ML EDT (H),Black Seduction for Men Eau de Toilette 100 ml – Antonio Banderas,Antonio Bandera,Antonio Banderas,100,100,edt,edt,,,https://beautyperfumes.cl/products/antonio-banderas-black-seduction-100ml-edt-h,https://dperfumes.cl/black-seduction-for-men-eau-de-toilette-100-ml-antonio-banderas/
87,direct_beautyperfumes-dperfumes,beautyperfumes,dperfumes,auto:same_name,0.928,ANTONIO BANDERAS BLACK SEDUCTION 200ML EDT (H),Black Seduction for Men Eau de Toilette 200 ml – Antonio Banderas,Antonio Banderas,Antonio Banderas,200,200,edt,edt,,,https://beautyperfumes.cl/products/black-seduction-200-ml-antonio-banderas-hombre-black200h,https://dperfumes.cl/black-seduction-for-men-eau-de-toilette-200-ml-antonio-banderas/
88,direct_beautyperfumes-dperfumes,beautyperfumes,dperfumes,auto:same_name,0.943,ANTONIO BANDERAS BLUE SEDUCTION FOR MEN 100ML EDT (H),Blue Seduction for Men Eau de Toilette 100 ml – Antonio Banderas,Antonio Banderas,Antonio Banderas,100,100,edt,edt,,,https://beautyperfumes.cl/products/blue-seduction-100ml-hombre-antonio-banderas-bluesed100h,https://dperfumes.cl/blue-seduction-for-men-edt-100-ml-antonio-banderas/
89,direct_beautyperfumes-dperfumes,beautyperfumes,dperfumes,auto:same_name,0.944,ANTONIO BANDERAS BLUE SEDUCTION FOR MEN 200ML EDT (H),Blue Seduction for Men Eau de Toilette 200 ml – Antonio Banderas,Antonio Banderas,Antonio Banderas,200,200,edt,edt,,,https://beautyperfumes.cl/products/blue-seduction-for-men-200-ml-edt-antonio-banderas-blue200h,https://dperfumes.cl/blue-seduction-for-men-edt-200-ml-antonio-banderas/
90,direct_beautyperfumes-dperfumes,beautyperfumes,dperfumes,auto:same_name,0.942,ANTONIO BANDERAS BLUE SEDUCTION WOMEN 200ML (M),Blue Seduction for Women Eau de Toilette 200 ml – Antonio Banderas,Antonio Banderas,Antonio Banderas,200,200,,edt,,,https://beautyperfumes.cl/products/blue-seduction-200ml-antonio-banderas-mujer-blue200m,https://dperfumes.cl/blue-seduction-for-women-edt-200-ml-antonio-banderas/
91,direct_beautyperfumes-dperfumes,beautyperfumes,dperfumes,auto:same_name,0.943,ANTONIO BANDERAS BLUE SEDUCTION WOMEN 80ML (M),Blue Seduction for Women Eau de Toilette 80 ml – Antonio Banderas,Antonio Banderas,Antonio Banderas,80,80,,edt,,,https://beautyperfumes.cl/products/blue-seduction-women-80-ml-antonio-banderas-blue80m,https://dperfumes.cl/blue-seduction-for-women-edt-80-ml-antonio-banderas/
92,direct_beautyperfumes-dperfumes,beautyperfumes,dperfumes,auto:same_name,0.913,ANTONIO BANDERAS DIAVOLO 100ML EDT (H),Diavolo for Men Eau de Toilette 100 ml – Antonio Banderas,Antonio Banderas,Antonio Banderas,100,100,edt,edt,,,https://beautyperfumes.cl/products/antonio-banderas-diavolo-100ml-edt-h,https://dperfumes.cl/diavolo-for-men-edt-100-ml-antonio-banderas/
93,direct_beautyperfumes-dperfumes,beautyperfumes,dperfumes,auto:same_name,0.911,ANTONIO BANDERAS DIAVOLO 200ML EDT (H),Diavolo for Men Eau de Toilette 200 ml – Antonio Banderas,Antonio Banderas,Antonio Banderas,200,200,edt,edt,,,https://beautyperfumes.cl/products/antonio-banderas-diavolo-200ml-edt-h,https://dperfumes.cl/diavolo-for-men-edt-200-ml-antonio-banderas/
94,direct_beautyperfumes-dperfumes,beautyperfumes,dperfumes,auto:same_name,0.915,ANTONIO BANDERAS MEDITERRANEO 100ML EDT (H),Mediterráneo Eau de Toilette 100 ml – Antonio Banderas,Antonio Banderas,Antonio Banderas,100,100,edt,edt,,,https://beautyperfumes.cl/products/mediterraneo-100-ml-antonio-banderas-hombre-beauty0140,https://dperfumes.cl/mediterraneo-eau-de-toilette-100-ml-antonio-banderas/
95,direct_beautyperfumes-dperfumes,beautyperfumes,dperfumes,auto:same_name,0.915,ANTONIO BANDERAS MEDITERRANEO 200ML EDT (H),Mediterráneo Eau de Toilette 200 ml – Antonio Banderas,Antonio Banderas,Antonio Banderas,200,200,edt,edt,,,https://beautyperfumes.cl/products/mediterraneo-antonio-banderas-200ml-hombre-mediterraneo200h,https://dperfumes.cl/mediterraneo-eau-de-toilette-200-ml-antonio-banderas/
96,direct_beautyperfumes-dperfumes,beautyperfumes,dperfumes,auto:same_name,0.918,ANTONIO BANDERAS POWER OF SEDUTION 100ML EDT (H),Power of Seduction Eau de Toilette 100 ml – Antonio Banderas,Antonio Banderas,Antonio Banderas,100,100,edt,edt,,,https://beautyperfumes.cl/products/power-of-sedution-100ml-edt-hombre-antonio-banderas-powerofs100h,https://dperfumes.cl/power-of-seduction-edt-100-ml-antonio-banderas/
97,direct_beautyperfumes-dperfumes,beautyperfumes,dperfumes,auto:same_name,0.939,ANTONIO BANDERAS POWER OF SEDUCTION 200ML (H),Power of Seduction Eau de Toilette 200 ml – Antonio Banderas,Antonio Banderas,Antonio Banderas,200,200,,edt,,,https://beautyperfumes.cl/products/power-seduction-200-ml-antonio-banderas-hombre-power200h,https://dperfumes.cl/power-of-seduction-edt-200-ml-antonio-banderas/
98,chain_beautyperfumes-dperfumes,beautyperfumes,dperfumes,chain,0.935,ANTONIO BANDERAS THE ICON ELIXIR 100ML EDP (H),The Icon Elixir Eau de Parfum 100 ml – Antonio Banderas,Antonio Banderas,Antonio Banderas,100,100,edp,edp,,,https://beautyperfumes.cl/products/the-icon-elixir-100ml-edp-hombre-antonio-banderas-iconelixir100h,https://dperfumes.cl/the-icon-elixir-eau-de-parfum-100-ml-antonio-banderas/
99,direct_beautyperfumes-dperfumes,beautyperfumes,dperfumes,auto:same_name,0.923,ANTONIO BANDERAS THE SECRET 200ML (H),The Secret Eau de Toilette 200 ml – Antonio Banderas,Antonio Banderas,Antonio Banderas,200,200,,edt,,,https://beautyperfumes.cl/products/the-secret-200ml-antonio-banderas-hombre-thesecret200h,https://dperfumes.cl/the-secret-eau-de-toilette-200-ml-antonio-banderas/
100,direct_beautyperfumes-dperfumes,beautyperfumes,dperfumes,auto:same_name,0.939,ARIANA GRANDE CLOUD 2.0 INTENSE 100ML EDP (M),Cloud 2.0 Intense Eau de Parfum 100 ml – Ariana Grande,Ariana Grande,Ariana Grande,100,100,edp,edp,,,https://beautyperfumes.cl/products/ariana-grande-cloud-2-0-intense-100-ml-edp-mujer-coco-otono-juvenil-dulce-edp-noche-elegante,https://dperfumes.cl/cloud-2-0-intense-eau-de-parfum-100-ml-ariana-grande/
101,direct_beautyperfumes-dperfumes,beautyperfumes,dperfumes,auto:same_name,0.968,ARIANA GRANDE CLOUD 236ml (M) BODY MIST,Cloud Body Mist 236 ml – Ariana Grande,Ariana Grande,Ariana Grande,236,236,,,,,https://beautyperfumes.cl/products/ariana-grande-cloud-236ml-spalsh-cloud250m,https://dperfumes.cl/cloud-body-mist-236-ml-ariana-grande/
102,direct_beautyperfumes-dperfumes,beautyperfumes,dperfumes,auto:same_name,0.928,ARIANA GRANDE CLOUD 100ML EDP (M),Cloud Eau de Parfum 100 ml – Ariana Grande,Ariana Grande,Ariana Grande,100,100,edp,edp,,,https://beautyperfumes.cl/products/ariana-grande-cloud-100ml-edp-mujer-cloud100m,https://dperfumes.cl/cloud-edp-100-ml-ariana-grande/
103,direct_beautyperfumes-dperfumes,beautyperfumes,dperfumes,auto:same_name,0.931,ARIANA GRANDE CLOUD 50ML EDP (M),Cloud Eau de Parfum 50 ml – Ariana Grande,Ariana Grande,Ariana Grande,50,50,edp,edp,,,https://beautyperfumes.cl/products/ariana-grande-cloud-50ml-edp-mujer-cloud50m,https://dperfumes.cl/cloud-edp-50-ml-ariana-grande/
104,direct_beautyperfumes-dperfumes,beautyperfumes,dperfumes,auto:same_name,0.966,ARIANA GRANDE SWEET LIKE CANDY 236ml (M) BODY MIST,Sweet Like Candy Body Mist 236 ml – Ariana Grande,Ariana Grande,Ariana Grande,236,236,,,,,https://beautyperfumes.cl/products/ariana-grande-sweet-like-candy-sweet-arianagrande-dulce,https://dperfumes.cl/sweet-like-candy-body-mist-236-ml-ariana-grande/
105,direct_beautyperfumes-dperfumes,beautyperfumes,dperfumes,auto:same_name,0.939,ARMAF CLUB DE NUIT WOMAN EDP 105ML (M),Club de Nuit Woman Eau de Parfum 105 ml – Armaf,Armaf,Armaf,105,105,edp,edp,,,https://beautyperfumes.cl/products/armaf-club-de-nuit-women-105ml-edp-mujer-elegante,https://dperfumes.cl/club-de-nuit-woman-edp-105-ml-armaf/
106,direct_beautyperfumes-dperfumes,beautyperfumes,dperfumes,auto:same_name,0.931,AZZARO POUR HOMME 100ML EDT (H),Azzaro pour Homme Eau de Toilette 100 ml – Azzaro,Azzaro,Azzaro,100,100,edt,edt,,,https://beautyperfumes.cl/products/azzaro-pour-homme-100-ml-azzaro100h,https://dperfumes.cl/azzaro-pour-homme-edt-100-ml-azzaro/
107,direct_beautyperfumes-dperfumes,beautyperfumes,dperfumes,auto:same_name,0.934,AZZARO POUR HOMME 30ML EDT (H),Azzaro pour Homme Eau de Toilette 30 ml – Azzaro,Azzaro,Azzaro,30,30,edt,edt,,,https://beautyperfumes.cl/products/azzaro-pour-homme-30ml-edt-hombre-azzaroclasico30h,https://dperfumes.cl/azzaro-pour-homme-edt-30-ml-azzaro-sin-celofan-oferta-sin-cambio-o-devolucion/
108,direct_beautyperfumes-dperfumes,beautyperfumes,dperfumes,auto:same_name,0.920,AZZARO CHROME 100 ML EDT (H),Chrome Eau de Toilette 100 ml – Azzaro,Azzaro,Azzaro,100,100,edt,edt,,,https://beautyperfumes.cl/products/azzaro-chrome-100-ml-edt-achrome100h,https://dperfumes.cl/chrome-edt-100-ml-azzaro/
109,direct_beautyperfumes-dperfumes,beautyperfumes,dperfumes,auto:same_name,0.934,AZZARO CHROME LEGEND 125 ML EDT (H),Chrome Legend Eau de Toilette 125 ml – Azzaro,Azzaro,Azzaro,125,125,edt,edt,,,https://beautyperfumes.cl/products/azzaro-chrome-legend-125ml-achlegend125h,https://dperfumes.cl/chrome-legend-edt-125-ml-azzaro/
110,direct_beautyperfumes-dperfumes,beautyperfumes,dperfumes,auto:same_name,0.925,AZZARO THE MOST WANTED INTENSE 100ML EDP (H),The Most Wanted Eau de Parfum Intense 100 ml – Azzaro,Azzaro,Azzaro,100,100,edp,edp,,,https://beautyperfumes.cl/products/azzaro-most-wanted-intense-100ml-edp-hombre-amostwanint100h,https://dperfumes.cl/the-most-wanted-edp-intense-100-ml-azzaro/
111,direct_beautyperfumes-dperfumes,beautyperfumes,dperfumes,auto:same_name,0.958,AZZARO THE MOST WANTED PARFUM 100ML (H),The Most Wanted Parfum 100 ml – Azzaro,Azzaro,Azzaro,100,100,parfum,parfum,,,https://beautyperfumes.cl/products/azzaro-the-most-wanted-parfum-100-ml,https://dperfumes.cl/the-most-wanted-parfum-100-ml-azzaro/
112,direct_beautyperfumes-dperfumes,beautyperfumes,dperfumes,auto:same_name,0.959,AZZARO THE MOST WANTED PARFUM 50ML (H),The Most Wanted Parfum 50 ml – Azzaro,Azzaro,Azzaro,50,50,parfum,parfum,,,https://beautyperfumes.cl/products/azzaro-the-most-wanted-parfum-50ml-h,https://dperfumes.cl/the-most-wanted-parfum-50-ml-azzaro/
113,direct_beautyperfumes-dperfumes,beautyperfumes,dperfumes,auto:same_name,0.924,AZZARO WANTED BY NIGHT 100ML EDP (H),Wanted by Night Eau de Parfum 100 ml – Azzaro,Azzaro,Azzaro,100,100,edp,edp,,,https://beautyperfumes.cl/products/azzaro-wanted-night-edp-100ml-awantedn100h,https://dperfumes.cl/wanted-by-night-edp-100-ml-azzaro/
114,direct_beautyperfumes-dperfumes,beautyperfumes,dperfumes,auto:same_name,0.912,AZZARO WANTED 100ML EDT (H),Wanted Eau de Toilette 100 ml – Azzaro,Azzaro,Azzaro,100,100,edt,edt,,,https://beautyperfumes.cl/products/azzaro-wanted-edt-100-ml-awanted100h,https://dperfumes.cl/wanted-edt-100-ml-azzaro/
115,direct_beautyperfumes-dperfumes,beautyperfumes,dperfumes,auto:same_name,0.926,BENTLEY FOR MEN INTENSE 100ML EDP (H),Bentley for Men Intense Eau de Parfum 100 ml – Bentley,Bentley,Bentley,100,100,edp,edp,,,https://beautyperfumes.cl/products/bentley-for-men-intense-100ml-edp-bentley100h,https://dperfumes.cl/bentley-for-men-intense-edp-100-ml-bentley/
116,direct_beautyperfumes-dperfumes,beautyperfumes,dperfumes,auto:same_name,0.939,BEYONCE HEAT RUSH 100ML (M),Heat Rush Eau de Toilette 100 ml – Beyoncé,Beyonce,Beyoncé,100,100,,edt,,,https://beautyperfumes.cl/products/beyonce-heat-rush-100-ml-heatrush100m,https://dperfumes.cl/heat-rush-edt-100-ml-beyonce/
117,direct_beautyperfumes-dperfumes,beautyperfumes,dperfumes,auto:same_name,0.945,BHARARA KING EAU DE PARFUM 100ML (H),King Eau de Parfum 100 ml – Bharara,Bharara,Bharara,100,100,edp,edp,,,https://beautyperfumes.cl/products/bharara-king-eau-de-parfum-100ml-hombre-bhararaking100h,https://dperfumes.cl/king-eau-de-parfum-100-ml-bharara/
118,direct_beautyperfumes-dperfumes,beautyperfumes,dperfumes,auto:same_name,0.921,BRITNEY SPEAR BELIEVE 100ML EDP (M),Believe Eau de Parfum 100 ml – Britney Spears,Britney Spears,Britney Spears,100,100,edp,edp,,,https://beautyperfumes.cl/products/britney-spears-believe-100ml-edp-dulce-guayaba-chocolate-fresco-juvenil-britney-spear,https://dperfumes.cl/believe-edp-100-ml-britney-spears/
119,direct_beautyperfumes-dperfumes,beautyperfumes,dperfumes,auto:same_name,0.923,BRITNEY SPEAR FANTASY 100ML EDP (M),Fantasy Eau de Parfum 100 ml – Britney Spears,Britney Spears,Britney Spears,100,100,edp,edp,,,https://beautyperfumes.cl/products/britney-spears-fantasy-clasico-100-ml-brfan100m,https://dperfumes.cl/fantasy-edp-100-ml-britney-spears/
120,direct_beautyperfumes-dperfumes,beautyperfumes,dperfumes,auto:same_name,0.922,MIDNIGHT FANTASY 100ML EDP MUJER,Midnight Fantasy Eau de Parfum 100 ml – Britney Spears,Britney Spears,Britney Spears,100,100,edp,edp,,,https://beautyperfumes.cl/products/midnight-fantasy-ml-edp-mujer-brmidnight100m,https://dperfumes.cl/midnight-fantasy-edp-100-ml-britney-spears/
121,direct_beautyperfumes-dperfumes,beautyperfumes,dperfumes,auto:same_name,0.934,BRITNEY SPEAR FANTASY MIDNIGHT 30ML EDP (M),Midnight Fantasy Eau de Parfum 30 ml – Britney Spears,Britney Spears,Britney Spears,30,30,edp,edp,,,https://beautyperfumes.cl/products/fantasy-midnight-30ml-edp-mujer-fmidnght30m,https://dperfumes.cl/midnight-fantasy-edp-30-ml-britney-spears/
122,direct_beautyperfumes-dperfumes,beautyperfumes,dperfumes,auto:same_name,0.930,BURBERRY BODY 85ML EDP (M),Body Eau de Parfum 85 ml – Burberry,Burberry,Burberry,85,85,edp,edp,,,https://beautyperfumes.cl/products/burberry-body-85ml-edp-mujer-burbody85m,https://dperfumes.cl/body-edp-85-ml-burberry/
123,direct_beautyperfumes-dperfumes,beautyperfumes,dperfumes,auto:same_name,0.941,BURBERRY BRIT FOR MEN 100ML (H),Brit for Men Eau de Toilette 100 ml – Burberry,Burberry,Burberry,100,100,,edt,,,https://beautyperfumes.cl/products/burberry-brit-for-men-100ml-britmen100h,https://dperfumes.cl/brit-for-men-edt-100-ml-burberry/
124,direct_beautyperfumes-dperfumes,beautyperfumes,dperfumes,auto:same_name,0.926,BURBERRY FOR MEN 100ML EDT (H),Burberry for Men Eau de Toilette 100 ml – Burberry,Burberry,Burberry,100,100,edt,edt,,,https://beautyperfumes.cl/products/burberry-for-men-100ml-edt-bmen100h,https://dperfumes.cl/burberry-for-men-edt-100-ml-burberry/
125,direct_beautyperfumes-dperfumes,beautyperfumes,dperfumes,auto:same_name,0.944,BURBERRY LONDON FOR MEN 100ML (H),London for Men Eau de Toilette 100 ml – Burberry,Burberry,Burberry,100,100,,edt,,,https://beautyperfumes.cl/products/burberry-london-men-100ml-blondon100h,https://dperfumes.cl/london-for-men-edt-100-ml-burberry/
126,direct_beautyperfumes-dperfumes,beautyperfumes,dperfumes,auto:same_name,0.915,BURBERRY THE BEAT 100ML EDT (H),The Beat for Men Eau de Toilette 100 ml – Burberry,Burberry,Burberry,100,100,edt,edt,,,https://beautyperfumes.cl/products/burberry-the-beat-100ml-edt-hombre-thebeat100h,https://dperfumes.cl/the-beat-for-men-edt-100-ml-burberry/
127,direct_beautyperfumes-dperfumes,beautyperfumes,dperfumes,auto:same_name,0.925,BURBERRY WEEKEND WOMAN 100ML EDP (M),Weekend for Women Eau de Parfum 100 ml – Burberry,Burberry,Burberry,100,100,edp,edp,,,https://beautyperfumes.cl/products/burberry-weekend-for-women-100-ml-buweek100m,https://dperfumes.cl/weekend-for-women-edp-100-ml-burberry/
128,direct_beautyperfumes-dperfumes,beautyperfumes,dperfumes,auto:same_name,0.927,BURBERRY WEEKEND WOMAN 50ML EDP (M),Weekend for Women Eau de Parfum 50 ml – Burberry,Burberry,Burberry,50,50,edp,edp,,,https://beautyperfumes.cl/products/burberry-weekend-woman-50ml-edp-m,https://dperfumes.cl/weekend-for-women-eau-de-parfum-50-ml-burberry/
129,direct_beautyperfumes-dperfumes,beautyperfumes,dperfumes,auto:same_name,0.927,CACHAREL AMOR AMOR 100ML EDT (M),Amor Amor Eau de Toilette 100 ml – Cacharel,Cacharel,Cacharel,100,100,edt,edt,,,https://beautyperfumes.cl/products/cacharel-amor-amor-100ml-edt-mujer-amor100,https://dperfumes.cl/amor-amor-edt-100-ml-cacharel/
130,direct_beautyperfumes-dperfumes,beautyperfumes,dperfumes,auto:same_name,0.930,CACHAREL AMOR AMOR 30ML EDT (M),Amor Amor Eau de Toilette 30 ml – Cacharel,Cacharel,Cacharel,30,30,edt,edt,,,https://beautyperfumes.cl/products/cacharel-amor-amor-30ml-edt-mujer-amor30,https://dperfumes.cl/amor-amor-edt-30-ml-cacharel/
131,direct_beautyperfumes-dperfumes,beautyperfumes,dperfumes,auto:same_name,0.928,CACHAREL AMOR AMOR 50ML EDT (M),Amor Amor Eau de Toilette 50 ml – Cacharel,Cacharel,Cacharel,50,50,edt,edt,,,https://beautyperfumes.cl/products/cacharel-amor-amor-50ml-amor50m,https://dperfumes.cl/amor-amor-eau-de-toilette-50-ml-cacharel/
132,direct_beautyperfumes-dperfumes,beautyperfumes,dperfumes,auto:same_name,0.924,CACHAREL ANAIS ANAIS 100ML EDT (M),Anais Anais Eau de Toilette 100 ml – Cacharel,Cacharel,Cacharel,100,100,edt,edt,,,https://beautyperfumes.cl/products/cacharel-anais-anais-100ml-edt-mujer-anais100m,https://dperfumes.cl/anais-anais-edt-100-ml-cacharel/
133,direct_beautyperfumes-dperfumes,beautyperfumes,dperfumes,auto:same_name,0.927,CACHAREL ANAIS ANAIS 30ML EDT (M),Anais Anais Eau de Toilette 30 ml – Cacharel,Cacharel,Cacharel,30,30,edt,edt,,,https://beautyperfumes.cl/products/cacharel-anais-anais-30ml-edt-m,https://dperfumes.cl/anais-anais-eau-de-toilette-30-ml-cacharel/
134,direct_beautyperfumes-dperfumes,beautyperfumes,dperfumes,auto:same_name,0.934,CACHAREL EDEN 30ML EDP (M),Eden Eau de Parfum 30 ml – Cacharel,Cacharel,Cacharel,30,30,edp,edp,,,https://beautyperfumes.cl/products/eden-cacharel-30ml-edp-mujer-eden30m,https://dperfumes.cl/eden-edp-30-ml-cacharel/
135,direct_beautyperfumes-dperfumes,beautyperfumes,dperfumes,auto:same_name,0.925,CACHAREL LOU LOU 30ML EDP (M),Lou Lou Eau de Parfum 30 ml – Cacharel,Cacharel,Cacharel,30,30,edp,edp,,,https://beautyperfumes.cl/products/lou-lou-cacharel-30ml-edp-mujer-cloulou30m,https://dperfumes.cl/lou-lou-edp-30-ml-cacharel/
136,direct_beautyperfumes-dperfumes,beautyperfumes,dperfumes,auto:same_name,0.931,Cacharel Lou Lou 50Ml Edp,Lou Lou Eau de Parfum 50 ml – Cacharel,Cacharel,Cacharel,50,50,edp,edp,,,https://beautyperfumes.cl/products/cacharel-lou-lou-50ml-edp-loulou50m,https://dperfumes.cl/lou-lou-edp-50-ml-cacharel/
137,direct_beautyperfumes-dperfumes,beautyperfumes,dperfumes,auto:same_name,0.925,CACHAREL NOA 100ML EDT (M),Noa Eau de Toilette 100 ml – Cacharel,Cacharel,Cacharel,100,100,edt,edt,,,https://beautyperfumes.cl/products/cacharel-noa-100ml-edt-mujer-noa100m,https://dperfumes.cl/noa-edt-100-ml-cacharel/
138,direct_beautyperfumes-dperfumes,beautyperfumes,dperfumes,auto:same_name,0.923,CACHAREL YES I AM 75ML EDP (M),Yes I Am Eau de Parfum 75 ml – Cacharel,Cacharel,Cacharel,75,75,edp,edp,,,https://beautyperfumes.cl/products/yes-i-am-clasico-75ml-edp-mujer-cacharel-yesiam75m,https://dperfumes.cl/yes-i-am-edp-75-ml-cacharel/
139,direct_beautyperfumes-dperfumes,beautyperfumes,dperfumes,auto:same_name,0.929,CALVIN KLEIN Ck BE 100 Ml (U),CK Be Eau de Toilette 100 ml – Calvin Klein,Calvin Klein,Calvin Klein,100,100,,edt,,,https://beautyperfumes.cl/products/calvin-klein-ck-be-100-ml-ckbe100,https://dperfumes.cl/ck-be-edt-100-ml-calvin-klein/
140,direct_beautyperfumes-dperfumes,beautyperfumes,dperfumes,auto:same_name,0.931,CALVIN KLEIN Ck BE 200 Ml (U),CK Be Eau de Toilette 200 ml – Calvin Klein,Calvin Klein,Calvin Klein,200,200,,edt,,,https://beautyperfumes.cl/products/calvin-klein-ck-be-200ml-ckbe200,https://dperfumes.cl/ck-be-edt-200-ml-calvin-klein/
141,direct_beautyperfumes-dperfumes,beautyperfumes,dperfumes,auto:same_name,0.920,CALVIN KLEIN CK EVERY ONE 200ML EDT (U),CK Everyone Eau de Toilette 200 ml – Calvin Klein,Calvin Klein,Calvin Klein,200,200,edt,edt,,,https://beautyperfumes.cl/products/calvin-klein-ck-everyone-edt-200ml-unisex,https://dperfumes.cl/ck-everyone-edt-200-ml-calvin-klein/
142,direct_beautyperfumes-dperfumes,beautyperfumes,dperfumes,auto:same_name,0.926,CALVIN KLEIN CK ONE 100ML EDT (U),CK One Eau de Toilette 100 ml – Calvin Klein,Calvin Klein,Calvin Klein,100,100,edt,edt,,,https://beautyperfumes.cl/products/ck-one-unisex-100ml-edt-calvin-klein-ckone100u,https://dperfumes.cl/ck-one-edt-100-ml-calvin-klein/
143,direct_beautyperfumes-dperfumes,beautyperfumes,dperfumes,auto:same_name,0.929,CALVIN KLEIN CK ONE 200ML EDT (U),CK One Eau de Toilette 200 ml – Calvin Klein,Calvin Klein,Calvin Klein,200,200,edt,edt,,,https://beautyperfumes.cl/products/calvin-klein-ck-one-200ml-unisex-ckone200u,https://dperfumes.cl/ck-one-edt-200-ml-calvin-klein/
144,direct_beautyperfumes-dperfumes,beautyperfumes,dperfumes,auto:same_name,0.936,CALVIN KLEIN CK ONE GOLD 100ML EDT (U),CK One Gold Eau de Toilette 100 ml – Calvin Klein,Calvin Klein,Calvin Klein,100,100,edt,edt,,,https://beautyperfumes.cl/products/calvin-klein-ck-one-gold-100ml-edt-u,https://dperfumes.cl/ck-one-gold-edt-100-ml-calvin-klein/
145,direct_beautyperfumes-dperfumes,beautyperfumes,dperfumes,auto:same_name,0.947,CALVIN KLEIN CK ONE SHOCK HER 100ML (M),CK One Shock for Her Eau de Toilette 100 ml – Calvin Klein,Calvin Klein,Calvin Klein,100,100,,edt,,,https://beautyperfumes.cl/products/ck-one-shock-100ml-mujer-edt-ckoneshock100m,https://dperfumes.cl/ck-one-shock-for-her-edt-100-ml-calvin-klein/
146,direct_beautyperfumes-dperfumes,beautyperfumes,dperfumes,auto:same_name,0.948,CALVIN KLEIN CK ONE SHOCK HER 200ML (M),CK One Shock for Her Eau de Toilette 200 ml – Calvin Klein,Calvin Klein,Calvin Klein,200,200,,edt,,,https://beautyperfumes.cl/products/calvin-klein-ck-one-shock-mujer-200-ml-ckoneshock200m,https://dperfumes.cl/ck-one-shock-for-her-edt-200-ml-calvin-klein/
147,direct_beautyperfumes-dperfumes,beautyperfumes,dperfumes,auto:same_name,0.932,CALVIN KLEIN CK ONE SHOCK MAN 100ML (H),CK One Shock for Him Eau de Toilette 100 ml – Calvin Klein,Calvin Klein,Calvin Klein,100,100,,edt,,,https://beautyperfumes.cl/products/ck-one-shock-hombre-100-ml-beauty0013,https://dperfumes.cl/ck-one-shock-for-him-edt-100-ml-calvin-klein/
148,direct_beautyperfumes-dperfumes,beautyperfumes,dperfumes,auto:same_name,0.934,CALVIN KLEIN CK ONE SHOCK MAN 200ML (H),CK One Shock for Him Eau de Toilette 200 ml – Calvin Klein,Calvin Klein,Calvin Klein,200,200,,edt,,,https://beautyperfumes.cl/products/calvin-klein-ck-one-schock-man-200-ml-ckoneshock200h,https://dperfumes.cl/ck-one-shock-for-him-edt-200-ml-calvin-klein/
149,direct_beautyperfumes-dperfumes,beautyperfumes,dperfumes,auto:same_name,0.939,CALVIN KLEIN ESCAPE FOR MEN 100 ML EDT (H),Escape for Men Eau de Toilette 100 ml – Calvin Klein,Calvin Klein,Calvin Klein,100,100,edt,edt,,,https://beautyperfumes.cl/products/calvin-klein-escape-for-men-100-ml-ckescape100h,https://dperfumes.cl/escape-for-men-edt-100-ml-calvin-klein/
150,direct_beautyperfumes-dperfumes,beautyperfumes,dperfumes,auto:same_name,0.944,CALVIN KLEIN ETERNITY FOR MEN 100ML EDT (H),Eternity for Men Eau de Toilette 100 ml – Calvin Klein,Calvin Klein,Calvin Klein,100,100,edt,edt,,,https://beautyperfumes.cl/products/calvin-klein-eternity-for-men-100-ml-cketern100h,https://dperfumes.cl/eternity-for-men-edt-100-ml-calvin-klein/
151,direct_beautyperfumes-dperfumes,beautyperfumes,dperfumes,auto:same_name,0.934,CALVIN KLEIN ETERNITY MOMENT WOMAN 100Ml EDP (M),Eternity Moment Eau de Parfum 100 ml – Calvin Klein,Calvin Klein,Calvin Klein,100,100,edp,edp,,,https://beautyperfumes.cl/products/calvin-klein-eternity-moment-woman-100ml-edp-cketernwom100m,https://dperfumes.cl/eternity-moment-edp-100-ml-calvin-klein/
152,direct_beautyperfumes-dperfumes,beautyperfumes,dperfumes,auto:same_name,0.933,CALVIN KLEIN EUPHORIA MEN 100ML EDT (H),Euphoria Men Eau de Toilette 100 ml – Calvin Klein,Calvil Klein,Calvin Klein,100,100,edt,edt,,,https://beautyperfumes.cl/products/euphoria-men-100ml-edt-calvin-klein-euphoriamen100h,https://dperfumes.cl/euphoria-men-edt-100-ml-calvin-klein/
153,direct_beautyperfumes-dperfumes,beautyperfumes,dperfumes,auto:same_name,0.936,CALVIN KLEIN OBSESSION MEN 125ML EDT (H),Obsession for Men Eau de Toilette 125 ml – Calvin Klein,Calvin Klein,Calvin Klein,125,125,edt,edt,,,https://beautyperfumes.cl/products/calvin-klein-obsession-for-men-125ml-ckobse125h,https://dperfumes.cl/obsession-for-men-eau-de-toilette-125-ml-calvin-klein/
154,direct_beautyperfumes-dperfumes,beautyperfumes,dperfumes,auto:same_name,0.940,CALVIN KLEIN OBSESSION NIGHT MEN 125ML EDT (H),Obsession Night for Men Eau de Toilette 125 ml – Calvin Klein,Calvin Klein,Calvin Klein,125,125,edt,edt,,,https://beautyperfumes.cl/products/calvin-klein-obsession-night-hombre-125ml-edt-ckobsenight125h,https://dperfumes.cl/obsession-night-for-men-eau-de-toilette-125-ml-calvin-klein/
155,direct_beautyperfumes-dperfumes,beautyperfumes,dperfumes,auto:same_name,0.945,CAROLINA HERRERA 212 SEXY MEN 100ML EDT (H),212 Sexy Men Eau de Toilette 100 ml – Carolina Herrera,Carolina Herrera,Carolina Herrera,100,100,edt,edt,,,https://beautyperfumes.cl/products/212-sexy-men-100ml-edt-carolina-herrera-hombre-juvenil-dulce-moderno,https://dperfumes.cl/212-sexy-men-edt-100-ml-carolina-herrera/
156,direct_beautyperfumes-dperfumes,beautyperfumes,dperfumes,auto:same_name,0.935,CAROLINA HERRERA 212 VIP BLACK 100ML EDP (H),212 VIP Black Eau de Parfum 100 ml – Carolina Herrera,Carolina Herrera,Carolina Herrera,100,100,edp,edp,,,https://beautyperfumes.cl/products/212-vip-black-100ml-edp-hombre-carolina-herrera-212vipbla100h,https://dperfumes.cl/212-vip-black-edp-100-ml-carolina-herrera/
157,direct_beautyperfumes-dperfumes,beautyperfumes,dperfumes,auto:same_name,0.941,CAROLINA HERRERA 212 VIP MEN 100ML EDT (H),212 VIP Men Eau de Toilette 100 ml – Carolina Herrera,Carolina Herrera,Carolina Herrera,100,100,edt,edt,,,https://beautyperfumes.cl/products/212-vip-men-edt-hombre-carolina-herrera-212vip100h,https://dperfumes.cl/212-vip-men-edt-100-ml-carolina-herrera/
158,direct_beautyperfumes-dperfumes,beautyperfumes,dperfumes,auto:same_name,0.933,CAROLINA HERRERA 212 VIP ROSE 80ML EDP (M),212 VIP Rosé Eau de Parfum 80 ml – Carolina Herrera,Carolina Herrera,Carolina Herrera,80,80,edp,edp,,,https://beautyperfumes.cl/products/212-vip-rose-80ml-edp-mujer-carolina-herrera-212viprose80m,https://dperfumes.cl/212-vip-rose-edp-80-ml-carolina-herrera/
159,direct_beautyperfumes-dperfumes,beautyperfumes,dperfumes,auto:same_name,0.925,CAROLINA HERRERA BAD BOY 100ML EDT (H),Bad Boy Eau de Toilette 100 ml – Carolina Herrera,Carolina Herrera,Carolina Herrera,100,100,edt,edt,,,https://beautyperfumes.cl/products/bad-boy-100ml-edt-carolina-herrera-badboy100h,https://dperfumes.cl/bad-boy-edt-100-ml-carolina-herrera/
160,direct_beautyperfumes-dperfumes,beautyperfumes,dperfumes,auto:same_name,0.934,CAROLINA HERRERA CH MEN EDT 100ML (H),CH Men Eau de Toilette 100 ml – Carolina Herrera,Carolina Herrera,Carolina Herrera,100,100,edt,edt,,,https://beautyperfumes.cl/products/ch-ch-men-100-ml-carolina-herrera,https://dperfumes.cl/ch-men-edt-100-ml-carolina-herrera/
161,direct_beautyperfumes-dperfumes,beautyperfumes,dperfumes,auto:same_name,0.936,CAROLINA HERRERA CH MEN EDT 50ML (H),CH Men Eau de Toilette 50 ml – Carolina Herrera,Carolina Herrera,Carolina Herrera,50,50,edt,edt,,,https://beautyperfumes.cl/products/ch-men-edt-hombre-50ml,https://dperfumes.cl/ch-men-eau-de-toilette-50-ml-carolina-herrera/
162,direct_beautyperfumes-dperfumes,beautyperfumes,dperfumes,auto:same_name,0.933,CAROLINA HERRERA CH SPORT MEN 100ML EDT (H),CH Men Sport Eau de Toilette 100 ml – Carolina Herrera,Carolina Herrera,Carolina Herrera,100,100,edt,edt,,,https://beautyperfumes.cl/products/ch-sport-men-100-ml-chsport100h,https://dperfumes.cl/ch-men-sport-edt-100-ml-carolina-herrera/
163,direct_beautyperfumes-dperfumes,beautyperfumes,dperfumes,auto:same_name,0.923,CAROLINA HERRERA CHIC FOR MEN 100ML EDT (H),Chic for Men Eau de Toilette 100 ml – Carolina Herrera,Carolina Herrera,Carolina Herrera,100,100,edt,edt,,,https://beautyperfumes.cl/products/chic-for-men-100ml-carolina-herrera-beauty0011,https://dperfumes.cl/chic-for-men-edt-100-ml-carolina-herrera/
164,direct_beautyperfumes-dperfumes,beautyperfumes,dperfumes,auto:same_name,0.947,CAROLINA HERRERA GOOD GIRL BLUSH 80ML EDP (M),Good Girl Blush Eau de Parfum 80 ml – Carolina Herrera,Carolina Herrera,Carolina Herrera,80,80,edp,edp,,,https://beautyperfumes.cl/products/carolina-herrera-good-girl-blush-80ml-edp-m,https://dperfumes.cl/good-girl-blush-edp-80-ml-carolina-herrera/
165,direct_beautyperfumes-dperfumes,beautyperfumes,dperfumes,auto:same_name,0.929,CAROLINA HERRERA GOOD GIRL 30ML EDP (M),Good Girl Eau de Parfum 30 ml – Carolina Herrera,Carolina Herrera,Carolina Herrera,30,30,edp,edp,,,https://beautyperfumes.cl/products/good-girl-30ml-edp-mujer-carolina-herrera-goodgir30m,https://dperfumes.cl/good-girl-edp-30-ml-carolina-herrera/
166,direct_beautyperfumes-dperfumes,beautyperfumes,dperfumes,auto:same_name,0.929,CAROLINA HERRERA GOOD GIRL EDP 50ML (M),Good Girl Eau de Parfum 50 ml – Carolina Herrera,Carolina Herrera,Carolina Herrera,50,50,edp,edp,,,https://beautyperfumes.cl/products/good-girl-50ml-edp-mujer-carolina-herrera-goodgirl50m,https://dperfumes.cl/good-girl-edp-50-ml-carolina-herrera/
167,direct_beautyperfumes-dperfumes,beautyperfumes,dperfumes,auto:same_name,0.929,CAROLINA HERRERA GOOD GIRL 80ML EDP (M),Good Girl Eau de Parfum 80 ml – Carolina Herrera,Carolina Herrera,Carolina Herrera,80,80,edp,edp,,,https://beautyperfumes.cl/products/good-girl-80ml-edp-goodgirl80m,https://dperfumes.cl/good-girl-edp-80-ml-carolina-herrera/
168,direct_beautyperfumes-dperfumes,beautyperfumes,dperfumes,auto:same_name,0.916,CAROLINA HERRERA CH MEN EDT 100ML (H),Herrera for Men Eau de Toilette 100 ml – Carolina Herrera,Carolina Herrera,Carolina Herrera,100,100,edt,edt,,,https://beautyperfumes.cl/products/ch-ch-men-100-ml-carolina-herrera,https://dperfumes.cl/herrera-for-men-edt-100-ml-carolina-herrera/
169,direct_beautyperfumes-dperfumes,beautyperfumes,dperfumes,auto:same_name,0.921,CAROLINA HERRERA LA BOMBA EDP 80ML (M),La Bomba Eau de Parfum 80 ml – Carolina Herrera,Carolina Herrera,Carolina Herrera,80,80,edp,edp,,,https://beautyperfumes.cl/products/carolina-herrera-la-bomba-edp-80ml-m,https://dperfumes.cl/la-bomba-eau-de-parfum-80-ml-carolina-herrera/
170,direct_beautyperfumes-dperfumes,beautyperfumes,dperfumes,auto:same_name,0.930,CAROLINA HERRERA VERY GOOD GIRL 80ML EDP (M),Very Good Girl Eau de Parfum 80 ml – Carolina Herrera,Carolina Herrera,Carolina Herrera,80,80,edp,edp,,,https://beautyperfumes.cl/products/good-girl-very-80ml-edp-carolina-herrera-goodgirlvery80m,https://dperfumes.cl/very-good-girl-edp-80-ml-carolina-herrera/
171,direct_beautyperfumes-dperfumes,beautyperfumes,dperfumes,auto:same_name,0.930,DAVIDOFF COOL WATER MUJER 100ML (M),Cool Water Woman Eau de Toilette 100 ml – Davidoff,Davidoff,Davidoff,100,100,,edt,,,https://beautyperfumes.cl/products/davidoff-cool-water-woman-100-ml-edt-beauty0025,https://dperfumes.cl/cool-water-woman-edt-100-ml-davidoff/
172,direct_beautyperfumes-dperfumes,beautyperfumes,dperfumes,auto:same_name,0.929,DIESEL LOVERDOSE 30ML EDP (M),Loverdose Eau de Parfum 30 ml – Diesel,Diesel,Diesel,30,30,edp,edp,,,https://beautyperfumes.cl/products/diesel-loverdose-30ml-edp-mujer-dloverdos30m,https://dperfumes.cl/loverdose-eau-de-parfum-30-ml-diesel/
173,direct_beautyperfumes-dperfumes,beautyperfumes,dperfumes,auto:same_name,0.938,DIESEL ONLY THE BRAVE 125ML EDT (H),Only the Brave Eau de Toilette 125 ml – Diesel,Diesel,Diesel,125,125,edt,edt,,,https://beautyperfumes.cl/products/diesel-only-the-brave-125-ml-edt-beauty0029,https://dperfumes.cl/only-the-brave-edt-125-ml-diesel/
174,direct_beautyperfumes-dperfumes,beautyperfumes,dperfumes,auto:same_name,0.936,DIESEL ONLY THE BRAVE 35ML EDT (H),Only the Brave Eau de Toilette 35 ml – Diesel,Diesel,Diesel,35,35,edt,edt,,,https://beautyperfumes.cl/products/diesel-only-the-brave-35ml-edt-beauty0030,https://dperfumes.cl/only-the-brave-edt-35-ml-diesel/
175,direct_beautyperfumes-dperfumes,beautyperfumes,dperfumes,auto:same_name,0.948,DIESEL ONLY THE BRAVE TATTOO 75ML EDT (H),Only the Brave Tattoo Eau de Toilette 75 ml – Diesel,Diesel,Diesel,75,75,edt,edt,,,https://beautyperfumes.cl/products/diesel-only-the-brave-tattoo-75ml-edt-hombre-diesetatto75h,https://dperfumes.cl/only-the-brave-tattoo-edt-75-ml-diesel/
176,direct_beautyperfumes-dperfumes,beautyperfumes,dperfumes,auto:same_name,0.934,DIESEL PLUS PLUS FEMININE 75ML EDT (M),Plus Plus Feminine Eau de Toilette 75 ml – Diesel,Diesel,Diesel,75,75,edt,edt,,,https://beautyperfumes.cl/products/diesel-plus-plus-feminine-75ml-edt-plusplus75m,https://dperfumes.cl/plus-plus-feminine-eau-de-toilette-75-ml-diesel/
177,direct_beautyperfumes-dperfumes,beautyperfumes,dperfumes,auto:same_name,0.907,CRISTIAN DIOR DIOR HOMME 100ML EDT (H),Dior Homme 2020 Eau de Toilette 100 ml – Dior,Cristian Dior,Dior,100,100,edt,edt,,,https://beautyperfumes.cl/products/dior-homme-edt-100ml-hombre-diorhomme100h,https://dperfumes.cl/dior-homme-2020-edt-100-ml-dior/
178,direct_beautyperfumes-dperfumes,beautyperfumes,dperfumes,auto:same_name,0.912,CRISTIAN DIOR SAUVAGE 100ML EDT (H),Eau Sauvage Eau de Toilette 100 ml – Dior,Cristian Dior,Dior,100,100,edt,edt,,,https://beautyperfumes.cl/products/dior-sauvage-edt-100ml-hombre-sauvageedt100h,https://dperfumes.cl/eau-sauvage-edt-100-ml-dior/
179,direct_beautyperfumes-dperfumes,beautyperfumes,dperfumes,auto:same_name,0.928,CRISTIAN DIOR FAHRENHEIT 100ML (H),Fahrenheit Eau de Toilette 100 ml – Dior,Cristian Dior,Dior,100,100,,edt,,,https://beautyperfumes.cl/products/cristian-dior-fahrenheit-100-ml-beauty0021,https://dperfumes.cl/fahrenheit-edt-100-ml-dior/
180,direct_beautyperfumes-dperfumes,beautyperfumes,dperfumes,auto:same_name,0.930,CRISTIAN DIOR FAHRENHEIT 200ML (H),Fahrenheit Eau de Toilette 200 ml – Dior,Cristian Dior,Dior,200,200,,edt,,,https://beautyperfumes.cl/products/cristian-dior-fahrenheit-200ml-edt-beauty0022,https://dperfumes.cl/fahrenheit-edt-200-ml-dior/
181,direct_beautyperfumes-dperfumes,beautyperfumes,dperfumes,auto:same_name,0.936,CRISTIAN DIOR HYPNOTIC POISON 100ML EDT (M),Hypnotic Poison Eau de Toilette 100 ml – Dior,Cristian Dior,Dior,100,100,edt,edt,,,https://beautyperfumes.cl/products/hypnotic-poisson-100ml-edt-mujer-dior-hypno100m,https://dperfumes.cl/hypnotic-poison-edt-100-ml-dior/
182,direct_beautyperfumes-dperfumes,beautyperfumes,dperfumes,auto:same_name,0.924,CRISTIAN DIOR J´ADORE 100ML EDP (M),J’adore Eau de Parfum 100 ml – Dior,Cristian Dior,Dior,100,100,edp,edp,,,https://beautyperfumes.cl/products/jadore-cristian-dior-100ml-edp-jadore100m,https://dperfumes.cl/jadore-edp-100-ml-dior/
183,direct_beautyperfumes-dperfumes,beautyperfumes,dperfumes,auto:same_name,0.941,CRISTIAN DIOR MISS DIOR BLOOMING BOUQUET 100ML EDT (M),Miss Dior Blooming Bouquet Eau de Toilette 100 ml – Dior,Cristian Dior,Dior,100,100,edt,edt,,,https://beautyperfumes.cl/products/dior-miss-dior-blooming-bouquet-edt-100ml-mujer,https://dperfumes.cl/miss-dior-blooming-bouquet-edt-100-ml-dior/
184,direct_beautyperfumes-dperfumes,beautyperfumes,dperfumes,auto:same_name,0.920,CRISTIAN DIOR MISS DIOR 100ML EDP (M),Miss Dior Eau de Parfum 100 ml – Dior,Cristian Dior,Dior,100,100,edp,edp,,,https://beautyperfumes.cl/products/miss-dior-100ml-edp-mujer-missdior100m,https://dperfumes.cl/miss-dior-edp-100-ml-dior/
185,direct_beautyperfumes-dperfumes,beautyperfumes,dperfumes,auto:same_name,0.926,CRISTIAN DIOR POISON 100ML EDT (M),Poison Eau de Toilette 100 ml – Dior,Cristian Dior,Dior,100,100,edt,edt,,,https://beautyperfumes.cl/products/dior-poison-edt-100ml,https://dperfumes.cl/poison-edt-100-ml-dior/
186,direct_beautyperfumes-dperfumes,beautyperfumes,dperfumes,auto:same_name,0.931,CRISTIAN DIOR POISON GIRL 100ML EDP (M),Poison Girl Eau de Parfum 100 ml – Dior,Cristian Dior,Dior,100,100,edp,edp,,,https://beautyperfumes.cl/products/dior-poison-girl-edp-100ml-mujer-elegante-juvenil-otono-femenino,https://dperfumes.cl/poison-girl-edp-100-ml-dior/
187,direct_beautyperfumes-dperfumes,beautyperfumes,dperfumes,auto:same_name,0.917,CRISTIAN DIOR SAUVAGE 100ML EDP (H),Sauvage Eau de Parfum 100 ml – Dior,Cristian Dior,Dior,100,100,edp,edp,,,https://beautyperfumes.cl/products/cristian-dior-sauvage-edp-100-ml-beauty0023,https://dperfumes.cl/sauvage-edp-100-ml-dior/
188,direct_beautyperfumes-dperfumes,beautyperfumes,dperfumes,auto:same_name,0.915,CRISTIAN DIOR SAUVAGE 100ML EDT (H),Sauvage Eau de Toilette 100 ml – Dior,Cristian Dior,Dior,100,100,edt,edt,,,https://beautyperfumes.cl/products/dior-sauvage-edt-100ml-hombre-sauvageedt100h,https://dperfumes.cl/sauvage-edt-100-ml-dior/
189,direct_beautyperfumes-dperfumes,beautyperfumes,dperfumes,auto:same_name,0.916,CRISTIAN DIOR SAUVAGE 60ML EDT (H),Sauvage Eau de Toilette 60 ml – Dior,Cristian Dior,Dior,60,60,edt,edt,,,https://beautyperfumes.cl/products/dior-sauvage-edt-60ml-hombre,https://dperfumes.cl/sauvage-edt-60-ml-dior/
190,direct_beautyperfumes-dperfumes,beautyperfumes,dperfumes,auto:same_name,0.931,CRISTIAN DIOR SAUVAGE PARFUM 100ML (H),Sauvage Parfum 100 ml – Dior,Cristian Dior,Dior,100,100,parfum,parfum,,,https://beautyperfumes.cl/products/cristian-dior-sauvage-parfum-100ml-h,https://dperfumes.cl/sauvage-parfum-100-ml-dior/
191,direct_beautyperfumes-dperfumes,beautyperfumes,dperfumes,auto:same_name,0.922,DKNY BE DELICIOUS 100ML EDP (M),Be Delicious Eau de Parfum 100 ml – DKNY (Donna Karan),DKNY,DKNY (Donna Karan),100,100,edp,edp,,,https://beautyperfumes.cl/products/dkny-be-delicious-dkny-100-ml-edp-beauty0035,https://dperfumes.cl/be-delicious-edp-100-ml-dkny-donna-karan/
192,direct_beautyperfumes-dperfumes,beautyperfumes,dperfumes,auto:same_name,0.937,DKNY BE DELICIOUS FRESH BLOSSOM 100ML EDP (M),Be Delicious Fresh Blossom Eau de Parfum 100 ml – DKNY (Donna Karan),DKNY,DKNY (Donna Karan),100,100,edp,edp,,,https://beautyperfumes.cl/products/dkny-be-delicious-fresh-blossom-100ml-edp-mujer-freshblossom100m,https://dperfumes.cl/be-delicious-fresh-blossom-edp-100-ml-dkny-donna-karan/
193,direct_beautyperfumes-dperfumes,beautyperfumes,dperfumes,auto:same_name,0.925,DKNY BE TEMPTED 100ML EDP (M),Be Tempted Eau de Parfum 100 ml – DKNY (Donna Karan),DKNY,DKNY (Donna Karan),100,100,edp,edp,,,https://beautyperfumes.cl/products/dkny-be-tempted-100ml-edp-mujer-betempted100m,https://dperfumes.cl/be-tempted-edp-100-ml-dkny-donna-karan/
194,direct_beautyperfumes-dperfumes,beautyperfumes,dperfumes,auto:same_name,0.923,DKNY STORIES 50ML EDP (M),DKNY Stories Eau de Parfum 50 ml – DKNY (Donna Karan),DKNY,DKNY (Donna Karan),50,50,edp,edp,,,https://beautyperfumes.cl/products/dkny-stories-50ml-edp-mujer-stories50m,https://dperfumes.cl/dkny-stories-edp-50-ml-dkny-donna-karan/
195,direct_beautyperfumes-dperfumes,beautyperfumes,dperfumes,auto:same_name,0.925,DKNY GOLDEN DELICIOUS 100ML EDP (M),Golden Delicious Eau de Parfum 100 ml – DKNY (Donna Karan),DKNY,DKNY (Donna Karan),100,100,edp,edp,,,https://beautyperfumes.cl/products/dkny-golden-delicious-100ml-edp-mujer-goldendeli100m,https://dperfumes.cl/golden-delicious-edp-100-ml-dkny-donna-karan/
196,direct_beautyperfumes-dperfumes,beautyperfumes,dperfumes,auto:same_name,0.933,DOLCE & GABBANA DEVOTION 100ML EDP (M),Devotion Eau de Parfum 100 ml – Dolce & Gabbana,Dolce & Gabbana,Dolce & Gabbana,100,100,edp,edp,,,https://beautyperfumes.cl/products/dolce-gabbana-devotion-edp-100ml-mujer,https://dperfumes.cl/devotion-eau-de-parfum-100-ml-dolce-gabbana/
197,direct_beautyperfumes-dperfumes,beautyperfumes,dperfumes,auto:same_name,0.939,DOLCE & GABBANA DEVOTION INTENSE 100ML EDP (M),Devotion Eau de Parfum Intense 100 ml – Dolce & Gabbana,Dolce & Gabbana,Dolce & Gabbana,100,100,edp,edp,,,https://beautyperfumes.cl/products/dolce-gabbana-devotion-intense-edp-100-ml-mujer,https://dperfumes.cl/devotion-eau-de-parfum-intense-100-ml-dolce-gabbana/
198,direct_beautyperfumes-dperfumes,beautyperfumes,dperfumes,auto:same_name,0.934,DOLCE & GABBANA POUR FEMME 100ML EDP (M),Dolce & Gabbana pour Femme Eau de Parfum 100 ml – Dolce & Gabbana,Dolce & Gabbana,Dolce & Gabbana,100,100,edp,edp,,,https://beautyperfumes.cl/products/dolce-gabbana-pour-femme-100ml-edp-beauty0039,https://dperfumes.cl/dolce-gabbana-pour-femme-edp-100ml-dolce-gabbana/
199,direct_beautyperfumes-dperfumes,beautyperfumes,dperfumes,auto:same_name,0.937,DOLCE & GABBANA POUR HOMME 125ML EDT (H),Dolce & Gabbana pour Homme Eau de Toilette 125 ml – Dolce & Gabbana,Dolce & Gabbana,Dolce & Gabbana,125,125,edt,edt,,,https://beautyperfumes.cl/products/dolce-gabbana-pour-homme-edt-125ml-hombre-dgpourhom125h,https://dperfumes.cl/dolce-gabbana-pour-homme-edt-125-ml-dolce-gabbana/
200,direct_beautyperfumes-dperfumes,beautyperfumes,dperfumes,auto:same_name,0.934,DOLCE & GABBANA POUR HOMME 200ML (H),Dolce & Gabbana pour Homme Eau de Toilette 200 ml – Dolce & Gabbana,Dolce & Gabbana,Dolce & Gabbana,200,200,,edt,,,https://beautyperfumes.cl/products/dolce-gabbana-pour-homme-200-ml-beauty0040,https://dperfumes.cl/dolce-gabbana-pour-homme-edt-200-ml-dolce-gabbana/
201,direct_beautyperfumes-dperfumes,beautyperfumes,dperfumes,auto:same_name,0.945,DOLCE & GABBANA LIGHT BLUE CAPRI IN LOVE 100ML EDP (M),Light Blue Capri in Love Eau de Parfum 100 ml – Dolce & Gabbana,Dolce & Gabbana,Dolce & Gabbana,100,100,edp,edp,,,https://beautyperfumes.cl/products/dolce-gabbana-light-blue-capri-in-love-100ml-edp-m,https://dperfumes.cl/light-blue-capri-in-love-eau-de-parfum-100-ml-dolce-gabbana/
202,direct_beautyperfumes-dperfumes,beautyperfumes,dperfumes,auto:same_name,0.935,DOLCE & GABBANA LIGHT BLUE FOREVER 100ML EDP (H),Light Blue Forever Eau de Parfum 100 ml – Dolce & Gabbana,Dolce & Gabbana,Dolce & Gabbana,100,100,edp,edp,,,https://beautyperfumes.cl/products/light-blue-forever-100ml-edp-hombre-dolce-gabbana-lbforever100h,https://dperfumes.cl/light-blue-forever-edp-100-ml-dolce-gabbana/
203,direct_beautyperfumes-dperfumes,beautyperfumes,dperfumes,auto:same_name,0.923,DOLCE & GABBANA L´IMPERATRICE 100ML EDT (M),L’Impératrice Eau de Toilette 100 ml – Dolce & Gabbana,Dolce & Gabbana,Dolce & Gabbana,100,100,edt,edt,,,https://beautyperfumes.cl/products/dolce-gabbana-limperatrice-100ml-edt-beauty0038,https://dperfumes.cl/limperatrice-edt-100-ml-dolce-gabbana/
204,direct_beautyperfumes-dperfumes,beautyperfumes,dperfumes,auto:same_name,0.933,DOLCE & GABBANA DEVOTION INTENSE 100ML EDP (M),My Devotion Eau de Parfum Intense 100 ml – Dolce & Gabbana,Dolce & Gabbana,Dolce & Gabbana,100,100,edp,edp,,,https://beautyperfumes.cl/products/dolce-gabbana-devotion-intense-edp-100-ml-mujer,https://dperfumes.cl/my-devotion-eau-de-parfum-intense-100-ml-dolce-gabbana/
205,direct_beautyperfumes-dperfumes,beautyperfumes,dperfumes,auto:same_name,0.916,DOLCE & GABBANA THE ONE FOR MEN 100ML EDP (H),The One For Men 2025 Eau de Parfum 100 ml – Dolce & Gabbana,Dolce & Gabbana,Dolce & Gabbana,100,100,edp,edp,,,https://beautyperfumes.cl/products/the-one-for-men-100ml-edp-dolce-gabbana-theone100h,https://dperfumes.cl/the-one-for-men-2025-eau-de-parfum-100-ml-dolce-gabbana/
206,direct_beautyperfumes-dperfumes,beautyperfumes,dperfumes,auto:same_name,0.933,DOLCE & GABBANA THE ONE FOR MEN 100ML EDP (H),The One for Men Eau de Parfum 100 ml – Dolce & Gabbana,Dolce & Gabbana,Dolce & Gabbana,100,100,edp,edp,,,https://beautyperfumes.cl/products/the-one-for-men-100ml-edp-dolce-gabbana-theone100h,https://dperfumes.cl/the-one-for-men-edp-100-ml-dolce-gabbana/
207,direct_beautyperfumes-dperfumes,beautyperfumes,dperfumes,auto:same_name,0.908,DOLCE & GABBANA THE ONE EDT 100ML (H),The One for Men Eau de Toilette 100 ml – Dolce & Gabbana,Dolce & Gabbana,Dolce & Gabbana,100,100,edt,edt,,,https://beautyperfumes.cl/products/dolce-gabbana-the-one-100-ml-edt-beauty0041,https://dperfumes.cl/the-one-for-men-edt-100-ml-dolce-gabbana/
208,direct_beautyperfumes-dperfumes,beautyperfumes,dperfumes,auto:same_name,0.934,DOLCE & GABBANA THE ONE FOR MEN 150ML EDT (H),The One for Men Eau de Toilette 150 ml – Dolce & Gabbana,Dolce & Gabbana,Dolce & Gabbana,150,150,edt,edt,,,https://beautyperfumes.cl/products/the-one-for-men-150ml-edt-hombre-dolce-gabbana-theone150h,https://dperfumes.cl/the-one-for-men-edt-150-ml-dolce-gabbana/
209,direct_beautyperfumes-dperfumes,beautyperfumes,dperfumes,auto:same_name,0.926,DOLCE & GABBANA THE ONLY ONE 100ML EDP (M),The Only One Eau de Parfum 100 ml – Dolce & Gabbana,Dolce & Gabbana,Dolce & Gabbana,100,100,edp,edp,,,https://beautyperfumes.cl/products/dolce-gabbana-the-only-one-100ml-edp-mujer-theonlyone100m,https://dperfumes.cl/the-only-one-edp-100-ml-dolce-gabbana/
210,direct_beautyperfumes-dperfumes,beautyperfumes,dperfumes,auto:same_name,0.941,ELIZABETH ARDEN GREEN TEA 100ML EDP (M),Green Tea Eau de Parfum 100 ml – Elizabeth Arden,Elizabeth Arden,Elizabeth Arden,100,100,edp,edp,,,https://beautyperfumes.cl/products/elizabeth-arden-green-tea-edp-100ml-mujer-greentea100m,https://dperfumes.cl/green-tea-edp-100-ml-elizabeth-arden/
211,direct_beautyperfumes-dperfumes,beautyperfumes,dperfumes,auto:same_name,0.940,ELIZABETH ARDEN RED DOOR EDT 100ML (M),Red Door Eau de Toilette 100 ml – Elizabeth Arden,Elizabeth Arden,Elizabeth Arden,100,100,edt,edt,,,https://beautyperfumes.cl/products/red-door-100-ml-reddoor100m,https://dperfumes.cl/red-door-edt-100-ml-elizabeth-arden/
212,direct_beautyperfumes-dperfumes,beautyperfumes,dperfumes,auto:same_name,0.919,EMPORIO ARMANI BECAUSE ITS YOU 100ML EDP (M),Because It’s You Eau de Parfum 100 ml – Emporio Armani,Giorgio Armani,Emporio Armani,100,100,edp,edp,,,https://beautyperfumes.cl/products/because-it-s-you-edp-100-armani-beyou100m,https://dperfumes.cl/because-its-you-edp-100-ml-emporio-armani/
213,direct_beautyperfumes-dperfumes,beautyperfumes,dperfumes,auto:same_name,0.925,EMPORIO ARMANI BECAUSE ITS YOU 50ML EDP (M),Because It’s You Eau de Parfum 50 ml – Emporio Armani,Giorgio Armani,Emporio Armani,50,50,edp,edp,,,https://beautyperfumes.cl/products/emporio-armani-because-its-you-50ml-edp-m,https://dperfumes.cl/because-its-you-eau-de-parfum-50-ml-emporio-armani/
214,direct_beautyperfumes-dperfumes,beautyperfumes,dperfumes,auto:same_name,0.929,EMPORIO ARMANI IN LOVE WITH YOU 100ML EDP (M),In Love With You Eau de Parfum 100 ml – Emporio Armani,Giorgio Armani,Emporio Armani,100,100,edp,edp,,,https://beautyperfumes.cl/products/giorgio-armani-in-love-with-you-edp-100ml-mujer,https://dperfumes.cl/in-love-with-you-edp-100-ml-emporio-armani/
215,direct_beautyperfumes-dperfumes,beautyperfumes,dperfumes,auto:same_name,0.920,GIORGIO ARMANI STRONGER WITH YOU 100ML EDT (H),Stronger With You Eau de Toilette 100 ml – Emporio Armani,Giorgio Armani,Emporio Armani,100,100,edt,edt,,,https://beautyperfumes.cl/products/armani-stronge-with-you-100ml-edt-stwi100h,https://dperfumes.cl/stronger-with-you-edt-100-ml-emporio-armani/
216,direct_beautyperfumes-dperfumes,beautyperfumes,dperfumes,auto:same_name,0.930,EMPORIO ARMANI STRONGER WITH YOU 50ML EDT (H),Stronger With You Eau de Toilette 50 ml – Emporio Armani,Giorgio Armani,Emporio Armani,50,50,edt,edt,,,https://beautyperfumes.cl/products/stronger-with-you-50ml-edt-hombre-emporio-armani-stronger50h,https://dperfumes.cl/stronger-with-you-edt-50-ml-emporio-armani/
217,direct_beautyperfumes-dperfumes,beautyperfumes,dperfumes,auto:same_name,0.931,EMPORIO ARMANI STRONGER WITH YOU INTENSELY 100ML EDP (H),Stronger With You Intensely Eau de Parfum 100 ml – Emporio Armani,Giorgio Armani,Emporio Armani,100,100,edp,edp,,,https://beautyperfumes.cl/products/giorgio-armani-stronger-with-you-edp-100ml-hombre,https://dperfumes.cl/stronger-with-you-intensely-eau-de-parfum-100-ml-emporio-armani/
218,direct_beautyperfumes-dperfumes,beautyperfumes,dperfumes,auto:same_name,0.914,ESTEE LAUDER PLEASURES 100ML EDP (M),Pleasures Eau de Parfum 100 ml – Estée Lauder,ESTEE LAUDER,Estée Lauder,100,100,edp,edp,,,https://beautyperfumes.cl/products/estee-lauder-pleasures-100ml-edp-mujer-pleasure100m,https://dperfumes.cl/pleasures-edp-100-ml-estee-lauder/
219,direct_beautyperfumes-dperfumes,beautyperfumes,dperfumes,auto:same_name,0.943,FERRARI BLACK SCUDERIA 125Ml EDT (H),Scuderia Ferrari Black Eau de Toilette 125 ml – Ferrari,Ferrari,Ferrari,125,125,edt,edt,,,https://beautyperfumes.cl/products/ferrari-black-125-ml-edt-beauty0047,https://dperfumes.cl/scuderia-ferrari-black-eau-de-toilette-125-ml-ferrari/
220,direct_beautyperfumes-dperfumes,beautyperfumes,dperfumes,auto:same_name,0.942,GIORGIO ARMANI ACQUA DI GIOIA 100ML EDP (M),Acqua di Gioia Eau de Parfum 100 ml – Giorgio Armani,Giorgio Armani,Giorgio Armani,100,100,edp,edp,,,https://beautyperfumes.cl/products/acqua-di-gioia-100ml-edp-mujer-gioiaedp100m,https://dperfumes.cl/acqua-di-gioia-edp-100-ml-giorgio-armani/
221,direct_beautyperfumes-dperfumes,beautyperfumes,dperfumes,auto:same_name,0.936,Giorgio Armani Acqua Di Gioia 30ML EDP Mujer,Acqua di Gioia Eau de Parfum 30 ml – Giorgio Armani,Giorgio Armani,Giorgio Armani,30,30,edp,edp,,,https://beautyperfumes.cl/products/acqua-di-gioia-30ml-edp-mujer-6-55997e-13,https://dperfumes.cl/acqua-di-gioia-edp-30-ml-giorgio-armani/
222,direct_beautyperfumes-dperfumes,beautyperfumes,dperfumes,auto:same_name,0.939,GIORGIO ARMANI ACQUA DI GIO WOMAN 100ML EDT (M),Acqua di Giò Eau de Toilette (Femenino) 100 ml – Giorgio Armani,Giorgio Armani,Giorgio Armani,100,100,edt,edt,,,https://beautyperfumes.cl/products/acqua-di-gio-woman-100ml-edt-mujer-acquadigio100m,https://dperfumes.cl/acqua-di-gio-edt-femenino-100-ml-giorgio-armani/
223,direct_beautyperfumes-dperfumes,beautyperfumes,dperfumes,auto:same_name,0.935,GIORGIO ARMANI ACQUA DI GIO PROFONDO 100ML EDP (RECARGABLE) (H),Acqua di Giò Profondo Eau de Parfum Recargable 100 ml – Giorgio Armani,Giorgio Armani,Giorgio Armani,100,100,edp,edp,,,https://beautyperfumes.cl/products/giorgio-armani-acqua-di-gio-profondo-edp-100ml,https://dperfumes.cl/acqua-di-gio-profondo-eau-de-parfum-recargable-100-ml-giorgio-armani/
224,direct_beautyperfumes-dperfumes,beautyperfumes,dperfumes,auto:same_name,0.926,GIORGIO ARMANI MY WAY 90ML EDP (M),My Way Eau de Parfum 90 ml – Giorgio Armani,Giorgio Armani,Giorgio Armani,90,90,edp,edp,,,https://beautyperfumes.cl/products/armani-my-way-90ml-dulce-floral-elegante,https://dperfumes.cl/my-way-edp-90-ml-giorgio-armani/
225,direct_beautyperfumes-dperfumes,beautyperfumes,dperfumes,auto:same_name,0.900,GIORGIO ARMANI SI 100ML EDP (M),Sì Eau de Parfum 100 ml – Giorgio Armani,Giorgio Armani,Giorgio Armani,100,100,edp,edp,,,https://beautyperfumes.cl/products/armani-si-edp-100ml-si100m,https://dperfumes.cl/si-edp-100-ml-giorgio-armani/
226,direct_beautyperfumes-dperfumes,beautyperfumes,dperfumes,auto:same_name,0.917,GIORGIO ARMANI SI PASSION 100ML EDP (M),Sì Passione Eau de Parfum 100 ml – Giorgio Armani,Giorgio Armani,Giorgio Armani,100,100,edp,edp,,,https://beautyperfumes.cl/products/si-passion-100ml-edp-armani-sipassion100m,https://dperfumes.cl/si-passione-edp-100-ml-giorgio-armani/
227,direct_beautyperfumes-dperfumes,beautyperfumes,dperfumes,auto:same_name,0.920,GIVENCHY AMARIEGE 100ML EDT (M),Amarige Eau de Toilette 100 ml – Givenchy,Givenchy,Givenchy,100,100,edt,edt,,,https://beautyperfumes.cl/products/amarige-givenchy-100-ml-edp-amarige100,https://dperfumes.cl/amarige-edt-100-ml-givenchy/
228,direct_beautyperfumes-dperfumes,beautyperfumes,dperfumes,auto:same_name,0.923,GIVENCHY ANGE OU DEMON 100ML EDP (M),Ange ou Démon Eau de Parfum 100 ml – Givenchy,Givenchy,Givenchy,100,100,edp,edp,,,https://beautyperfumes.cl/products/ange-ou-demon-givenchy-100ml-edp-100-angeldemon100m,https://dperfumes.cl/ange-ou-demon-edp-100-ml-givenchy/
229,direct_beautyperfumes-dperfumes,beautyperfumes,dperfumes,auto:same_name,0.928,GIVENCHY ANGE OU DEMON LE SECRET 100ML EDP (M),Ange ou Démon Le Secret Eau de Parfum 100 ml – Givenchy,Givenchy,Givenchy,100,100,edp,edp,,,https://beautyperfumes.cl/products/ange-ou-demon-le-secret-edp-100ml-mujer-givenchy-angedsecret100m,https://dperfumes.cl/ange-ou-demon-le-secret-edp-100-ml-givenchy/
230,direct_beautyperfumes-dperfumes,beautyperfumes,dperfumes,auto:same_name,0.936,GIVENCHY POUR HOMME 100ML EDT (H),Givenchy pour Homme Eau de Toilette 100 ml – Givenchy,Givenchy,Givenchy,100,100,edt,edt,,,https://beautyperfumes.cl/products/givenchy-pour-homme-100ml-edt-gpourhomme100h,https://dperfumes.cl/givenchy-pour-homme-edt-100-ml-givenchy/
231,direct_beautyperfumes-dperfumes,beautyperfumes,dperfumes,auto:same_name,0.924,GIVENCHY HOT COUTURE 100Ml EDP (M),Hot Couture Eau de Parfum 100 ml – Givenchy,Givenchy,Givenchy,100,100,edp,edp,,,https://beautyperfumes.cl/products/hot-couture-100-ml-edp-beauty0078,https://dperfumes.cl/hot-couture-edp-100-ml-givenchy/
232,direct_beautyperfumes-dperfumes,beautyperfumes,dperfumes,auto:same_name,0.924,GIVENCHY ORGANZA 100ML EDP (M),Organza Eau de Parfum 100 ml – Givenchy,Givenchy,Givenchy,100,100,edp,edp,,,https://beautyperfumes.cl/products/organza-givenchy-edp100-ml-beauty0158,https://dperfumes.cl/organza-edp-100-ml-givenchy/
233,direct_beautyperfumes-dperfumes,beautyperfumes,dperfumes,auto:same_name,0.911,GIVENCHY PI 100ML EDT (H),Pi Eau de Toilette 100 ml – Givenchy,Givenchy,Givenchy,100,100,edt,edt,,,https://beautyperfumes.cl/products/givenchy-pi-100ml-edt-h,https://dperfumes.cl/pi-edt-100-ml-givenchy/
234,direct_beautyperfumes-dperfumes,beautyperfumes,dperfumes,auto:same_name,0.922,GIVENCHY VERY IRRESISTIBLE 75ML EDP (M),Very Irrésistible Eau de Parfum 75 ml – Givenchy,Givenchy,Givenchy,75,75,edp,edp,,,https://beautyperfumes.cl/products/very-irresistible-edp-75-ml-veryirre75edp,https://dperfumes.cl/very-irresistible-edp-75-ml-givenchy/
235,direct_beautyperfumes-dperfumes,beautyperfumes,dperfumes,auto:same_name,0.924,GIVENCHY VERY IRRESISTIBLE 75ML EDT (M),Very Irrésistible Eau de Toilette 75 ml – Givenchy,Givenchy,Givenchy,75,75,edt,edt,,,https://beautyperfumes.cl/products/givenchy-very-irresistible-75ml-edt-mujer-floral-femenino-sensual-juvenil-verano-fresco,https://dperfumes.cl/very-irresistible-edt-75-ml-givenchy/
236,direct_beautyperfumes-dperfumes,beautyperfumes,dperfumes,auto:same_name,0.934,GIVENCHY XERYUS ROUGE 100ML EDT (H),Xeryus Rouge Eau de Toilette 100 ml – Givenchy,Givenchy,Givenchy,100,100,edt,edt,,,https://beautyperfumes.cl/products/givenchy-xeryus-rouge-100ml-edt-hombre-nueva-botella-2022-xeryusrouge100h,https://dperfumes.cl/xeryus-rouge-edt-100-ml-givenchy/
237,direct_beautyperfumes-dperfumes,beautyperfumes,dperfumes,auto:same_name,0.928,GUCCI RUSH EDT 75ML (M),Rush Eau de Toilette 75 ml – Gucci,Gucci,Gucci,75,75,edt,edt,,,https://beautyperfumes.cl/products/gucci-rush-edt-75ml-m,https://dperfumes.cl/rush-edt-75-ml-gucci/
238,direct_beautyperfumes-dperfumes,beautyperfumes,dperfumes,auto:same_name,0.931,GUESS GIRL BELLE 100ML EDT (M),Guess Girl Belle Eau de Toilette 100 ml – Guess,Guess,Guess,100,100,edt,edt,,,https://beautyperfumes.cl/products/guess-girl-belle-100ml-edt-beauty0055,https://dperfumes.cl/guess-girl-belle-edt-100-ml-guess/
239,direct_beautyperfumes-dperfumes,beautyperfumes,dperfumes,auto:same_name,0.920,GUESS MAN 75ML EDT (H),Guess Man Eau de Toilette 75 ml – Guess,Guess,Guess,75,75,edt,edt,,,https://beautyperfumes.cl/products/guess-man-75ml-edt-hombre-guessman75h,https://dperfumes.cl/guess-man-edt-75-ml-guess/
240,direct_beautyperfumes-dperfumes,beautyperfumes,dperfumes,auto:same_name,0.921,HERMÉS TERRE D´HERMES 100ML EDT (H),Terre d’Hermès Eau de Toilette 100 ml – Hermès,Hermes,Hermès,100,100,edt,edt,,,https://beautyperfumes.cl/products/terre-de-hermes-100ml-edt-terrehermes100h,https://dperfumes.cl/terre-dhermes-edt-100-ml-hermes/
241,direct_beautyperfumes-dperfumes,beautyperfumes,dperfumes,auto:same_name,0.926,HERMÉS TERRE D HERMES EAU INTENSE VETIVER 100ML EDP (H),Terre d’Hermès Eau Intense Vétiver Eau de Parfum 100 ml – Hermès,Hermes,Hermès,100,100,edp,edp,,,https://beautyperfumes.cl/products/terre-d-hermes-eau-intense-vetiver-100ml-edp-hombre-intensevetiver100m,https://dperfumes.cl/terre-dhermes-eau-intense-vetiver-edp-100-ml-hermes/
242,direct_beautyperfumes-dperfumes,beautyperfumes,dperfumes,auto:same_name,0.958,HERMÉS TERRE D´HERMES 75ML PARFUM (H),Terre d’Hermès Parfum 75 ml – Hermès,Hermes,Hermès,75,75,parfum,parfum,,,https://beautyperfumes.cl/products/terre-d-hermes-75-ml-parfum-terrehermes75m,https://dperfumes.cl/terre-dhermes-parfum-75-ml-hermes/
243,direct_beautyperfumes-dperfumes,beautyperfumes,dperfumes,auto:same_name,0.922,HERMÉS TWILLY 85ML EDP (M),Twilly d’Hermès Eau de Parfum 85 ml – Hermès,Hermes,Hermès,85,85,edp,edp,,,https://beautyperfumes.cl/products/hermes-twilly-85ml-edp-mujer-twilly85m,https://dperfumes.cl/twilly-dhermes-edp-85-ml-hermes/
244,direct_beautyperfumes-dperfumes,beautyperfumes,dperfumes,auto:same_name,0.928,HERMÉS UN JARDIN SUR LA LAGUNE 100ML EDT (U),Un Jardin sur la Lagune Eau de Toilette 100 ml – Hermès,Hermes,Hermès,100,100,edt,edt,,,https://beautyperfumes.cl/products/un-jardin-sur-la-lagune-unisex-100ml-edt-hermes-hermesjardinsur100u,https://dperfumes.cl/un-jardin-sur-la-lagune-edt-100-ml-hermes/
245,direct_beautyperfumes-dperfumes,beautyperfumes,dperfumes,auto:same_name,0.935,HUGO BOSS BOTTLED BEYOND 100ML EDP (H),Boss Bottled Beyond Eau de Parfum 100 ml – Hugo Boss,Hugo Boss,Hugo Boss,100,100,edp,edp,,,https://beautyperfumes.cl/products/hugo-boss-bottled-beyond-100ml-edp-h,https://dperfumes.cl/boss-bottled-beyond-eau-de-parfum-100-ml-hugo-boss/
246,direct_beautyperfumes-dperfumes,beautyperfumes,dperfumes,auto:same_name,0.928,HUGO BOSS BOTTLED 50ML EDT (H),Boss Bottled Eau de Toilette 50 ml – Hugo Boss,Hugo Boss,Hugo Boss,50,50,edt,edt,,,https://beautyperfumes.cl/products/hugo-boss-bottled-edt-50ml-hombre,https://dperfumes.cl/boss-bottled-eau-de-toilette-50-ml-hugo-boss/
247,direct_beautyperfumes-dperfumes,beautyperfumes,dperfumes,auto:same_name,0.906,HUGO BOSS BOTTLED INIFINTE 100ML EDP (H),Boss Bottled Infinite Eau de Parfum 100 ml – Hugo Boss,Hugo Boss,Hugo Boss,100,100,edp,edp,,,https://beautyperfumes.cl/products/hugo-boss-bottled-inifinte-100ml-edp-hombre-bottlinfinit100h,https://dperfumes.cl/boss-bottled-infinite-edp-100-ml-hugo-boss/
248,direct_beautyperfumes-dperfumes,beautyperfumes,dperfumes,auto:same_name,0.939,HUGO BOSS BOTTLED NIGHT 100ML EDT (H),Boss Bottled Night Eau de Toilette 100 ml – Hugo Boss,Hugo Boss,Hugo Boss,100,100,edt,edt,,,https://beautyperfumes.cl/products/hugo-boss-bottled-night-edt-100ml-hombre-hbnight100h,https://dperfumes.cl/boss-bottled-night-edt-100-ml-hugo-boss/
249,direct_beautyperfumes-dperfumes,beautyperfumes,dperfumes,auto:same_name,0.942,HUGO BOSS BOTTLED NIGHT 200ML EDT (H),Boss Bottled Night Eau de Toilette 200 ml – Hugo Boss,Hugo Boss,Hugo Boss,200,200,edt,edt,,,https://beautyperfumes.cl/products/hugo-boss-bottled-night-200ml-edt-beauty0079,https://dperfumes.cl/boss-bottled-night-edt-200-ml-hugo-boss/
250,direct_beautyperfumes-dperfumes,beautyperfumes,dperfumes,auto:same_name,0.942,HUGO BOSS BOTTLED TONIC 100ML EDT (H),Boss Bottled Tonic Eau de Toilette 100 ml – Hugo Boss,Hugo Boss,Hugo Boss,100,100,edt,edt,,,https://beautyperfumes.cl/products/hugo-boss-bottled-tonic-100ml-edt-h,https://dperfumes.cl/boss-bottled-tonic-edt-100-ml-hugo-boss/
251,direct_beautyperfumes-dperfumes,beautyperfumes,dperfumes,auto:same_name,0.914,HUGO BOSS MA VIE 75ML EDP (M),Boss Ma Vie Eau de Parfum 75 ml – Hugo Boss,Hugo Boss,Hugo Boss,75,75,edp,edp,,,https://beautyperfumes.cl/products/hugo-boss-ma-vie-75ml-edp-beauty0093,https://dperfumes.cl/boss-ma-vie-edp-75-ml-hugo-boss/
252,direct_beautyperfumes-dperfumes,beautyperfumes,dperfumes,auto:same_name,0.931,HUGO BOSS SELECTION EDT 90ML,Boss Selection Eau de Toilette 90 ml – Hugo Boss,Hugo Boss,Hugo Boss,90,90,edt,edt,,,https://beautyperfumes.cl/products/boss-selection-edt-90ml-hgselection90h,https://dperfumes.cl/boss-selection-edt-90-ml-hugo-boss/
253,direct_beautyperfumes-dperfumes,beautyperfumes,dperfumes,auto:same_name,0.919,HUGO BOSS WOMAN 90ML EDP (M),Boss Woman Eau de Parfum 90 ml – Hugo Boss,Hugo Boss,Hugo Boss,90,90,edp,edp,,,https://beautyperfumes.cl/products/hugo-boss-woman-media-luna-edp-90ml-mujer-hgmedialuna90m,https://dperfumes.cl/boss-woman-edp-90-ml-hugo-boss/
254,direct_beautyperfumes-dperfumes,beautyperfumes,dperfumes,auto:same_name,0.929,HUGO BOSS DEEP RED 90ML EDP (M),Deep Red Eau de Parfum 90 ml – Hugo Boss,Hugo Boss,Hugo Boss,90,90,edp,edp,,,https://beautyperfumes.cl/products/hugo-boss-deep-red-90ml-edp-beauty0086,https://dperfumes.cl/deep-red-edp-90-ml-hugo-boss/
255,direct_beautyperfumes-dperfumes,beautyperfumes,dperfumes,auto:same_name,0.930,HUGO BOSS FEMME 75 ML EDP (M),Femme Eau de Parfum 75 ml – Hugo Boss,Hugo Boss,Hugo Boss,75,75,edp,edp,,,https://beautyperfumes.cl/products/hugo-boss-femme75ml-beauty0089,https://dperfumes.cl/femme-edp-75-ml-hugo-boss/
256,direct_beautyperfumes-dperfumes,beautyperfumes,dperfumes,auto:same_name,0.922,HUGO BOSS CANTIMPLORA MAN 75ML EDT (H),Hugo (Cantimplora) Eau de Toilette 75 ml – Hugo Boss,Hugo Boss,Hugo Boss,75,75,edt,edt,,,https://beautyperfumes.cl/products/hugo-boss-cantimplora-man-edt-75ml,https://dperfumes.cl/hugo-cantimplora-edt-75-ml-hugo-boss/
257,direct_beautyperfumes-dperfumes,beautyperfumes,dperfumes,auto:same_name,0.940,HUGO BOSS DARK BLUE 75ML (H),Hugo Dark Blue Eau de Toilette 75 ml – Hugo Boss,Hugo Boss,Hugo Boss,75,75,,edt,,,https://beautyperfumes.cl/products/hugo-boss-dark-blue-75ml-beauty0085,https://dperfumes.cl/hugo-dark-blue-edt-75-ml-hugo-boss/
258,direct_beautyperfumes-dperfumes,beautyperfumes,dperfumes,auto:same_name,0.927,HUGO BOSS ENERGISE 75ML EDT (H),Hugo Energise Eau de Toilette 75 ml – Hugo Boss,Hugo Boss,Hugo Boss,75,75,edt,edt,,,https://beautyperfumes.cl/products/hugo-boss-energise-75ml-edt-beauty0087,https://dperfumes.cl/hugo-energise-edt-75-ml-hugo-boss/
259,direct_beautyperfumes-dperfumes,beautyperfumes,dperfumes,auto:same_name,0.924,JEAN PAUL GAULTIER CLASSIQUE 100ML EDT (M),Classique Eau de Toilette 100 ml – Jean Paul Gaultier,Jean Paul Gaultier,Jean Paul Gaultier,100,100,edt,edt,,,https://beautyperfumes.cl/products/jean-paul-gaultier-classique-mujer-100ml-edt-jpclasico100m,https://dperfumes.cl/classique-edt-100-ml-jean-paul-gaultier/
260,direct_beautyperfumes-dperfumes,beautyperfumes,dperfumes,auto:same_name,0.921,JEAN PAUL GAULTIER LE BEAU EDT 125ML HOMBRE,Le Beau Eau de Toilette 125 ml – Jean Paul Gaultier,Jean Paul Gaultier,Jean Paul Gaultier,125,125,edt,edt,,,https://beautyperfumes.cl/products/jean-paul-gaultier-le-beau-edt-125ml-hombre,https://dperfumes.cl/le-beau-edt-125-ml-jean-paul-gaultier/
261,direct_beautyperfumes-dperfumes,beautyperfumes,dperfumes,auto:same_name,0.918,JEAN PAUL GAULTIER LE BEAU 75ML EDT (H),Le Beau Eau de Toilette 75 ml – Jean Paul Gaultier,Jean Paul Gaultier,Jean Paul Gaultier,75,75,edt,edt,,,https://beautyperfumes.cl/products/jean-paul-gaultier-le-beau-hombre-edt-75-ml,https://dperfumes.cl/le-beau-edt-75-ml-jean-paul-gaultier/
262,direct_beautyperfumes-dperfumes,beautyperfumes,dperfumes,auto:same_name,0.916,JEAN PAUL GAULTIER LE MALE 125ML EDT (H),Le Male Eau de Toilette 125 ml – Jean Paul Gaultier,Jean Paul Gaultier,Jean Paul Gaultier,125,125,edt,edt,,,https://beautyperfumes.cl/products/jean-paul-gaultier-le-male-edt-125ml-hombre-lemale125h,https://dperfumes.cl/le-male-edt-125-ml-jean-paul-gaultier/
263,direct_beautyperfumes-dperfumes,beautyperfumes,dperfumes,auto:same_name,0.946,JEAN PAUL GAULTIER LE MALE ELIXIR PARFUM 125ML (H),Le Male Elixir Parfum 125 ml – Jean Paul Gaultier,Jean Paul Gaultier,Jean Paul Gaultier,125,125,parfum,parfum,,,https://beautyperfumes.cl/products/jean-paul-gaultier-le-male-elixir-parfum-125ml-h,https://dperfumes.cl/le-male-elixir-parfum-125-ml-jean-paul-gaultier/
264,direct_beautyperfumes-dperfumes,beautyperfumes,dperfumes,auto:same_name,0.945,JEAN PAUL GAULTIER LE MALE ELIXIR PARFUM 200ML (H),Le Male Elixir Parfum 200 ml – Jean Paul Gaultier,Jean Paul Gaultier,Jean Paul Gaultier,200,200,parfum,parfum,,,https://beautyperfumes.cl/products/jean-paul-gaultier-le-male-elixir-parfum-125-ml-hombre-amaderado-nuevolanzamiento-masculino-sofisticado,https://dperfumes.cl/le-male-elixir-parfum-200-ml-jean-paul-gaultier/
265,direct_beautyperfumes-dperfumes,beautyperfumes,dperfumes,auto:same_name,0.924,JEAN PAUL GAULTIER LE MALE INTENSE EDP 125ML (H),Le Male Le Parfum Eau de Parfum Intense 125 ml – Jean Paul Gaultier,Jean Paul Gaultier,Jean Paul Gaultier,125,125,edp,edp,,,https://beautyperfumes.cl/products/jean-paul-gaultier-le-male-intense-edp-125ml-hombre-lemaleintense125h,https://dperfumes.cl/le-male-le-parfum-edp-intense-125-ml-jean-paul-gaultier/
266,direct_beautyperfumes-dperfumes,beautyperfumes,dperfumes,auto:same_name,0.928,JENNIFER LOPEZ LIVE 100ML EDP (M),Live Eau de Parfum 100 ml – Jennifer Lopez,Jennifer Lopez,Jennifer Lopez,100,100,edp,edp,,,https://beautyperfumes.cl/products/jennifer-lopez-live-de-edp-100-ml-beauty0102,https://dperfumes.cl/live-edp-100-ml-jennifer-lopez/
267,direct_beautyperfumes-dperfumes,beautyperfumes,dperfumes,auto:same_name,0.938,JENNIFER LOPEZ LIVE LUXE 100ML EDP (M),Live Luxe Eau de Parfum 100 ml – Jennifer Lopez,Jennifer Lopez,Jennifer Lopez,100,100,edp,edp,,,https://beautyperfumes.cl/products/live-luxe-edp-100ml-jennifer-lopez-mujer-liveluxe100m,https://dperfumes.cl/live-luxe-edp-100-ml-jennifer-lopez/
268,direct_beautyperfumes-dperfumes,beautyperfumes,dperfumes,auto:same_name,0.929,JIMMY CHOO MAN INTENSE 100ML EDT (H),Jimmy Choo Man Intense Eau de Toilette 100 ml – Jimmy Choo,Jimmy Choo,Jimmy Choo,100,100,edt,edt,,,https://beautyperfumes.cl/products/jimmy-choo-man-intense-beauty0106,https://dperfumes.cl/jimmy-choo-man-intense-edt-100-ml-jimmy-choo/
269,direct_beautyperfumes-dperfumes,beautyperfumes,dperfumes,auto:same_name,0.923,KATY PERRY PURR 100ML EDP (M),Purr Eau de Parfum 100 ml – Katy Perry,Katty Perry,Katy Perry,100,100,edp,edp,,,https://beautyperfumes.cl/products/katy-perry-purr-100ml-edp-mujer-purr100m,https://dperfumes.cl/purr-edp-100-ml-katy-perry/
270,direct_beautyperfumes-dperfumes,beautyperfumes,dperfumes,auto:same_name,0.929,KENZO FLOWER BY KENZO 100ML EDP (M),Flower by Kenzo Eau de Parfum 100 ml – Kenzo,Kenzo,Kenzo,100,100,edp,edp,,,https://beautyperfumes.cl/products/kenzo-flower-100ml-edp-mujer-beauty0109,https://dperfumes.cl/flower-by-kenzo-edp-100-ml-kenzo/
271,direct_beautyperfumes-dperfumes,beautyperfumes,dperfumes,auto:same_name,0.930,KENZO AMOUR 100ML EDP (M),Kenzo Amour Eau de Parfum 100 ml – Kenzo,Kenzo,Kenzo,100,100,edp,edp,,,https://beautyperfumes.cl/products/kenzo-amour-100ml-edp-mujer-kamour100m,https://dperfumes.cl/kenzo-amour-edp-100-ml-kenzo/
272,direct_beautyperfumes-dperfumes,beautyperfumes,dperfumes,auto:same_name,0.925,KENZO HOMME 100ML EDP (H),Kenzo Homme Eau de Parfum 100 ml – Kenzo,Kenzo,Kenzo,100,100,edp,edp,,,https://beautyperfumes.cl/products/kenzo-pour-homme-100ml-edp-kpourhomme100h,https://dperfumes.cl/kenzo-homme-eau-de-parfum-100-ml-kenzo/
273,direct_beautyperfumes-dperfumes,beautyperfumes,dperfumes,auto:same_name,0.931,Kenzo Homme Edt 100Ml Hombre,Kenzo Homme Eau de Toilette 100 ml – Kenzo,Kenzo,Kenzo,100,100,edt,edt,,,https://beautyperfumes.cl/products/kenzo-homme-edt-100ml-hombre-kenzohomme100edth,https://dperfumes.cl/kenzo-homme-edt-100-ml-kenzo/
274,direct_beautyperfumes-dperfumes,beautyperfumes,dperfumes,auto:same_name,0.921,KENZO JUNGLE 100ML EDP (M),Kenzo Jungle Eau de Parfum 100 ml – Kenzo,Kenzo,Kenzo,100,100,edp,edp,,,https://beautyperfumes.cl/products/kenzo-jungle-100ml-edp-m,https://dperfumes.cl/kenzo-jungle-edp-100-ml-kenzo/
275,direct_beautyperfumes-dperfumes,beautyperfumes,dperfumes,auto:same_name,0.909,KENZO LEAU POUR FEMME 100ML EDT (M),L’Eau Kenzo pour Femme Eau de Toilette 100 ml – Kenzo,Kenzo,Kenzo,100,100,edt,edt,,,https://beautyperfumes.cl/products/kenzo-leau-pour-femme-100ml-edt-mujer-kenzoleau100m,https://dperfumes.cl/leau-kenzo-pour-femme-edt-100-ml-kenzo/
276,direct_beautyperfumes-dperfumes,beautyperfumes,dperfumes,auto:same_name,0.924,LACOSTE BOOSTER 125ML EDT (H),Booster Eau de Toilette 125 ml – Lacoste,Lacoste,Lacoste,125,125,edt,edt,,,https://beautyperfumes.cl/products/lacoste-booster-edt-125ml-hombre-booster125h,https://dperfumes.cl/booster-eau-de-toilette-125-ml-lacoste/
277,direct_beautyperfumes-dperfumes,beautyperfumes,dperfumes,auto:same_name,0.924,LACOSTE BLANC L.12.12 100ML EDT (H),Eau de Lacoste L.12.12 Blanc Eau de Toilette 100 ml – Lacoste,Lacoste,Lacoste,100,100,edt,edt,,,https://beautyperfumes.cl/products/lacoste-blanc-l-12-12n-edt-100ml-hombre-lacblanc100h,https://dperfumes.cl/eau-de-lacoste-l-12-12-blanc-eau-de-toilette-100-ml-lacoste/
278,direct_beautyperfumes-dperfumes,beautyperfumes,dperfumes,auto:same_name,0.927,LACOSTE BLANC L.12.12 175ML EDT (H),Eau de Lacoste L.12.12 Blanc Eau de Toilette 175 ml – Lacoste,Lacoste,Lacoste,175,175,edt,edt,,,https://beautyperfumes.cl/products/lacoste-l1212-blanc-175ml-edt-hombre-fresco-verano-juvenil-perfume-original,https://dperfumes.cl/eau-de-lacoste-l-12-12-blanc-eau-de-toilette-175-ml-lacoste/
279,direct_beautyperfumes-dperfumes,beautyperfumes,dperfumes,auto:same_name,0.931,LACOSTE L.12.12 NOIR 100ML EDT (H),Eau de Lacoste L.12.12 Noir Eau de Toilette 100 ml – Lacoste,Lacoste,Lacoste,100,100,edt,edt,,,https://beautyperfumes.cl/products/lacoste-black-noir-intense-edt-100-ml-beauty0118,https://dperfumes.cl/eau-de-lacoste-l-12-12-noir-eau-de-toilette-100-ml-lacoste/
280,direct_beautyperfumes-dperfumes,beautyperfumes,dperfumes,auto:same_name,0.938,LACOSTE ELEGANTE L.12.12 POUR ELLE 90ML EDT (M),Eau de Lacoste L.12.12 pour Elle Elegant Eau de Toilette 90 ml – Lacoste,Lacoste,Lacoste,90,90,edt,edt,,,https://beautyperfumes.cl/products/lacoste-elegante-l-12-12-pour-elle-90ml-edt-lelegante90m,https://dperfumes.cl/eau-de-lacoste-l-12-12-pour-elle-elegant-edt-90-ml-lacoste/
281,direct_beautyperfumes-dperfumes,beautyperfumes,dperfumes,auto:same_name,0.932,LACOSTE ESSENTIAL 125ML EDT (H),Essential Eau de Toilette 125 ml – Lacoste,Lacoste,Lacoste,125,125,edt,edt,,,https://beautyperfumes.cl/products/lacoste-essential-125-ml-beauty0120,https://dperfumes.cl/essential-eau-de-toilette-125-ml-lacoste/
282,direct_beautyperfumes-dperfumes,beautyperfumes,dperfumes,auto:same_name,0.925,LACOSTE BLANC L.12.12 100ML EDP (H),L.12.12 Blanc Eau de Parfum 100 ml – Lacoste,Lacoste,Lacoste,100,100,edp,edp,,,https://beautyperfumes.cl/products/lacoste-l-12-12-blanc-edp-100ml-hombre-lacblancedp100h,https://dperfumes.cl/l-12-12-blanc-eau-de-parfum-100-ml-lacoste/
283,direct_beautyperfumes-dperfumes,beautyperfumes,dperfumes,auto:same_name,0.920,LACOSTE POUR FEMME 90ML EDP (M),Lacoste pour Femme Eau de Parfum 90 ml – Lacoste,Lacoste,Lacoste,90,90,edp,edp,,,https://beautyperfumes.cl/products/lacoste-pour-femme-90ml-edp-mujer-lapourfemm90m,https://dperfumes.cl/lacoste-pour-femme-edp-90-ml-lacoste/
284,direct_beautyperfumes-dperfumes,beautyperfumes,dperfumes,auto:same_name,0.923,LACOSTE RED 125ML EDT (H),Red Eau de Toilette 125 ml – Lacoste,Lacoste,Lacoste,125,125,edt,edt,,,https://beautyperfumes.cl/products/lacoste-red-125ml-edt-lacostered125h,https://dperfumes.cl/red-eau-de-toilette-125-ml-lacoste/
285,direct_beautyperfumes-dperfumes,beautyperfumes,dperfumes,auto:same_name,0.935,LACOSTE TOUCH OF PINK 90ML EDT (M),Touch of Pink Eau de Toilette 90 ml – Lacoste,Lacoste,Lacoste,90,90,edt,edt,,,https://beautyperfumes.cl/products/lacoste-touch-of-pink-90-ml-beauty0114,https://dperfumes.cl/touch-of-pink-edt-90-ml-lacoste/
286,direct_beautyperfumes-dperfumes,beautyperfumes,dperfumes,auto:same_name,0.915,LANCOME IDOLE L'EAU DE PARFUM 100ML EDP (M),Idôle Eau de Parfum 100 ml – Lancôme,Lancome,Lancôme,100,100,edp,edp,,,https://beautyperfumes.cl/products/lancome-idole-100ml-edp-mujer-idole100m,https://dperfumes.cl/idole-edp-100-ml-lancome/
287,direct_beautyperfumes-dperfumes,beautyperfumes,dperfumes,auto:same_name,0.896,LANCOME TRESOR LA NUIT 75ML EDP (M),La Nuit Trésor Eau de Parfum 75 ml – Lancôme,Lancome,Lancôme,75,75,edp,edp,,,https://beautyperfumes.cl/products/tresor-la-nuit-75ml-edp-mujer-lancome-tresorlanuit75ml,https://dperfumes.cl/la-nuit-tresor-edp-75-ml-lancome/
288,direct_beautyperfumes-dperfumes,beautyperfumes,dperfumes,auto:same_name,0.920,LANCOME LA VIE EST BELLE 30ML EDP (M),La Vie est Belle Eau de Parfum 30 ml – Lancôme,Lancome,Lancôme,30,30,edp,edp,,,https://beautyperfumes.cl/products/la-vie-est-belle-30ml-edp-clasico-lancome-laviebelle30m,https://dperfumes.cl/la-vie-est-belle-edp-30-ml-lancome/
289,direct_beautyperfumes-dperfumes,beautyperfumes,dperfumes,auto:same_name,0.918,LANCOME LA VIE EST BELLE 50ML EDP (M),La Vie est Belle Eau de Parfum 50 ml – Lancôme,Lancome,Lancôme,50,50,edp,edp,,,https://beautyperfumes.cl/products/la-vie-est-belle-50ml-edp-mujer-lancome-lavie50m,https://dperfumes.cl/la-vie-est-belle-edp-50-ml-lancome/
290,direct_beautyperfumes-dperfumes,beautyperfumes,dperfumes,auto:same_name,0.903,LANCOME MIRACLE 100ML EDP (M),Miracle Eau de Parfum 100 ml – Lancôme,Lancome,Lancôme,100,100,edp,edp,,,https://beautyperfumes.cl/products/miracle-100ml-edp-mujer-lancome-miracle100m,https://dperfumes.cl/miracle-edp-100-ml-lancome/
291,direct_beautyperfumes-dperfumes,beautyperfumes,dperfumes,auto:same_name,0.906,LANCOME MIRACLE 30ML EDP (M),Miracle Eau de Parfum 30 ml – Lancôme,Lancome,Lancôme,30,30,edp,edp,,,https://beautyperfumes.cl/products/lancome-miracle-30ml-edp-mujer-miracle30m,https://dperfumes.cl/miracle-edp-30-ml-lancome/
292,direct_beautyperfumes-dperfumes,beautyperfumes,dperfumes,auto:same_name,0.905,LANCOME MIRACLE 50ML EDP (M),Miracle Eau de Parfum 50 ml – Lancôme,Lancome,Lancôme,50,50,edp,edp,,,https://beautyperfumes.cl/products/miracle-50ml-edp-mujer-lancome-lancome50m,https://dperfumes.cl/miracle-edp-50-ml-lancome/
293,direct_beautyperfumes-dperfumes,beautyperfumes,dperfumes,auto:same_name,0.898,LANCOME POEME 100ML EDP (M),Poême Eau de Parfum 100 ml – Lancôme,Lancome,Lancôme,100,100,edp,edp,,,https://beautyperfumes.cl/products/lancome-poeme-100ml-edp-mujer-fragancia-floral,https://dperfumes.cl/poeme-edp-100-ml-lancome/
294,direct_beautyperfumes-dperfumes,beautyperfumes,dperfumes,auto:same_name,0.877,LANCOME TRESOR 100ML EDP (M),Trésor Eau de Parfum 100 ml – Lancôme,Lancome,Lancôme,100,100,edp,edp,,,https://beautyperfumes.cl/products/tresor-lancome-100ml-edp-ltresor100m,https://dperfumes.cl/tresor-eau-de-parfum-100-ml-lancome/
295,direct_beautyperfumes-dperfumes,beautyperfumes,dperfumes,auto:same_name,0.891,LANCOME O DE LANCOME EDT 125ML (M),Ô de Lancôme Eau de Toilette 125 ml – Lancôme,Lancome,Lancôme,125,125,edt,edt,,,https://beautyperfumes.cl/products/lancome-o-de-lancome-edt-125ml-mujer-odelan125m,https://dperfumes.cl/o-de-lancome-edt-125-ml-lancome/
296,direct_beautyperfumes-dperfumes,beautyperfumes,dperfumes,auto:same_name,0.897,LANVIN ECLAT D´ARPEGE 100ML EDP (M),Éclat d’Arpège Eau de Parfum 100 ml – Lanvin,Lanvin,Lanvin,100,100,edp,edp,,,https://beautyperfumes.cl/products/lanvin-eclat-darpege-100-ml-beauty0043,https://dperfumes.cl/eclat-darpege-edp-100-ml-lanvin/
297,direct_beautyperfumes-dperfumes,beautyperfumes,dperfumes,auto:same_name,0.935,LATTAFA ART OF UNIVERSE EDP 100ML (U),Art of Universe Eau de Parfum 100 ml – Lattafa,Lattafa,Lattafa,100,100,edp,edp,,,https://beautyperfumes.cl/products/lattafa-art-of-universe-edp-100ml-u,https://dperfumes.cl/art-of-universe-eau-de-parfum-100-ml-lattafa/
298,direct_beautyperfumes-dperfumes,beautyperfumes,dperfumes,auto:same_name,0.925,LATTAFA ASAD BOURBON EDP 100ML (H),Asad Bourbon Eau de Parfum 100 ml – Lattafa,Lattafa,Lattafa,100,100,edp,edp,,,https://beautyperfumes.cl/products/lattafa-asad-bourbon-edp-hombre,https://dperfumes.cl/asad-bourbon-eau-de-parfum-100-ml-lattafa/
299,direct_beautyperfumes-dperfumes,beautyperfumes,dperfumes,auto:same_name,0.925,LATTAFA ASAD ZANZIBAR 100ML EDP (H),Asad Zanzibar Eau de Parfum 100 ml – Lattafa,lattafa,Lattafa,100,100,edp,edp,,,https://beautyperfumes.cl/products/lattafa-asad-zanzibar-edp-100-ml-hombre,https://dperfumes.cl/asad-zanzibar-eau-de-parfum-100-ml-lattafa/
300,direct_beautyperfumes-dperfumes,beautyperfumes,dperfumes,auto:same_name,0.930,LATTAFA ECLAIRE 100ML EDP (M),Eclaire Eau de Parfum 100 ml – Lattafa,Lattafa,Lattafa,100,100,edp,edp,,,https://beautyperfumes.cl/products/lattafa-eclaire-edp-100ml-mujer,https://dperfumes.cl/eclaire-eau-de-parfum-100-ml-lattafa/
301,direct_beautyperfumes-dperfumes,beautyperfumes,dperfumes,auto:same_name,0.919,LATTAFA KHAMRAH 100ML EDP (U),Khamrah Eau de Parfum 100 ml – Lattafa,Lattafa,Lattafa,100,100,edp,edp,,,https://beautyperfumes.cl/products/lattafa-khamrah-100ml-edp-unisex-khamarah100u,https://dperfumes.cl/khamrah-eau-de-parfum-100-ml-lattafa/
302,direct_beautyperfumes-dperfumes,beautyperfumes,dperfumes,auto:same_name,0.912,LATTAFA KHAMRAH QAHWA 100ML EDP (U),Khamrah Qahwa Eau de Parfum 100 ml – Lattafa,Lattafa,Lattafa,100,100,edp,edp,,,https://beautyperfumes.cl/products/lattafa-khamrah-qahwa-edp-100ml-unisex-dulce-elegante-sensual,https://dperfumes.cl/khamrah-qahwa-eau-de-parfum-100-ml-lattafa/
303,direct_beautyperfumes-dperfumes,beautyperfumes,dperfumes,auto:same_name,0.908,LATTAFA QAED AL FURSAN 90ML EDP (U),Qaed Al Fursan Eau de Parfum 90 ml – Lattafa,Lattafa,Lattafa,90,90,edp,edp,,,https://beautyperfumes.cl/products/lattafa-qaed-al-fursan-90ml-edp-fursan100u,https://dperfumes.cl/qaed-al-fursan-eau-de-parfum-90-ml-lattafa/
304,direct_beautyperfumes-dperfumes,beautyperfumes,dperfumes,auto:same_name,0.908,LATTAFA YARA CANDY 100ML EDP (M),Yara Candy Eau de Parfum 100 ml – Lattafa,Lattafa,Lattafa,100,100,edp,edp,,,https://beautyperfumes.cl/products/lattafa-yara-candy-woman-edp-100ml-mujer-dulce-candy-atrevida-perfumedeverano,https://dperfumes.cl/yara-candy-eau-de-parfum-100-ml-lattafa/
305,direct_beautyperfumes-dperfumes,beautyperfumes,dperfumes,auto:same_name,0.879,LATTAFA YARA 100ML EDP (M),Yara Eau de Parfum 100 ml – Lattafa,Lattafa,Lattafa,100,100,edp,edp,,,https://beautyperfumes.cl/products/lattafa-yara-edp-100ml-mujer-lyara100m,https://dperfumes.cl/yara-eau-de-parfum-100-ml-lattafa/
306,direct_beautyperfumes-dperfumes,beautyperfumes,dperfumes,auto:same_name,0.933,Montblanc Emblem Edt 100Ml,Emblem Eau de Toilette 100 ml – Montblanc,Mont Blanc,Montblanc,100,100,edt,edt,,,https://beautyperfumes.cl/products/montblanc-emblem-100ml-6-55994e-13,https://dperfumes.cl/emblem-edt-100-ml-montblanc/
307,direct_beautyperfumes-dperfumes,beautyperfumes,dperfumes,auto:same_name,0.922,MONTBLANC EXPLORER 100ML EDP (M),Explorer Eau de Parfum 100 ml – Montblanc,Mont Blanc,Montblanc,100,100,edp,edp,,,https://beautyperfumes.cl/products/mont-blanc-explorer-mont-blanc-100ml-edp-beauty0145,https://dperfumes.cl/explorer-edp-100-ml-montblanc/
308,direct_beautyperfumes-dperfumes,beautyperfumes,dperfumes,auto:same_name,0.943,MONTBLANC EXPLORER EXTREME PARFUM 100ML (H),Explorer Extreme Parfum 100 ml – Montblanc,Mont Blanc,Montblanc,100,100,parfum,parfum,,,https://beautyperfumes.cl/products/montblanc-explorer-extreme-parfum-100ml-h,https://dperfumes.cl/explorer-extreme-parfum-100-ml-montblanc/
309,direct_beautyperfumes-dperfumes,beautyperfumes,dperfumes,auto:same_name,0.933,MONTBLANC INDIVIDUEL FEMME 75ML EDT,Femme Individuelle Eau de Toilette 75 ml – Montblanc,Mont Blanc,Montblanc,75,75,edt,edt,,,https://beautyperfumes.cl/products/montblanc-individuelle-femme-75ml-edt-mujer-individuellefemme75m,https://dperfumes.cl/femme-individuelle-edt-75-ml-montblanc/
310,direct_beautyperfumes-dperfumes,beautyperfumes,dperfumes,auto:same_name,0.931,MONTBLANC LEGEND NIGHT 100ML EDP (H),Legend Night Eau de Parfum 100 ml – Montblanc,Mont Blanc,Montblanc,100,100,edp,edp,,,https://beautyperfumes.cl/products/mont-blanc-legend-night-100ml-edp-hombre-mlegendnight100h,https://dperfumes.cl/legend-night-edp-100-ml-montblanc/
311,direct_beautyperfumes-dperfumes,beautyperfumes,dperfumes,auto:same_name,0.927,MONTBLANC LEGEND SPIRIT 100ML EDT (H),Legend Spirit Eau de Toilette 100 ml – Montblanc,Mont Blanc,Montblanc,100,100,edt,edt,,,https://beautyperfumes.cl/products/legend-spirit-100ml-edt-hombre-mont-blanc-legendspirit100h,https://dperfumes.cl/legend-spirit-edt-100-ml-montblanc/
312,direct_beautyperfumes-dperfumes,beautyperfumes,dperfumes,auto:same_name,0.919,MONTBLANC SIGNATURE 90ML EDP (M),Signature Eau de Parfum 90 ml – Montblanc,Mont Blanc,Montblanc,90,90,edp,edp,,,https://beautyperfumes.cl/products/signature-mont-blanc-edp-90ml-mujer-signature90m,https://dperfumes.cl/signature-edp-90-ml-montblanc/
313,direct_beautyperfumes-dperfumes,beautyperfumes,dperfumes,auto:same_name,0.929,MONTBLANC STARWALKER 50ML EDT (H),Starwalker Eau de Toilette 50 ml – Montblanc,Mont Blanc,Montblanc,50,50,edt,edt,,,https://beautyperfumes.cl/products/montblanc-starwalker-50ml-edt-h,https://dperfumes.cl/starwalker-eau-de-toilette-50-ml-montblanc/
314,direct_beautyperfumes-dperfumes,beautyperfumes,dperfumes,auto:same_name,0.927,MONTBLANC STARWALKER 75ML EDT (H),Starwalker Eau de Toilette 75 ml – Montblanc,Mont Blanc,Montblanc,75,75,edt,edt,,,https://beautyperfumes.cl/products/starwalker-mont-blanc-75-ml-edt-starwalker75h,https://dperfumes.cl/starwalker-edt-75-ml-montblanc/
315,direct_beautyperfumes-dperfumes,beautyperfumes,dperfumes,auto:same_name,0.932,MOSCHINO CHEAP AND CHIC 100ML EDT (M),Cheap & Chic Eau de Toilette 100 ml – Moschino,Moschino,Moschino,100,100,edt,edt,,,https://beautyperfumes.cl/products/cheap-and-chic-100-ml-beauty0010,https://dperfumes.cl/cheap-and-chic-edt-100-ml-moschino/
316,direct_beautyperfumes-dperfumes,beautyperfumes,dperfumes,auto:same_name,0.936,MOSCHINO FRESH COUTURE 100ML EDT (M),Fresh Couture Eau de Toilette 100 ml – Moschino,Moschino,Moschino,100,100,edt,edt,,,https://beautyperfumes.cl/products/moschino-fresh-couture-100ml-edt-beauty0139,https://dperfumes.cl/fresh-couture-edt-100-ml-moschino/
317,direct_beautyperfumes-dperfumes,beautyperfumes,dperfumes,auto:same_name,0.928,MOSCHINO FUNNY 100ML EDT (M),Funny! Eau de Toilette 100 ml – Moschino,Moschino,Moschino,100,100,edt,edt,,,https://beautyperfumes.cl/products/funny-moschino-100ml-edt-mujer-mfunny100m,https://dperfumes.cl/funny-edt-100-ml-moschino/
318,direct_beautyperfumes-dperfumes,beautyperfumes,dperfumes,auto:same_name,0.934,MOSCHINO I LOVE LOVE 100ML EDT (M),I Love Love Eau de Toilette 100 ml – Moschino,Moschino,Moschino,100,100,edt,edt,,,https://beautyperfumes.cl/products/i-love-love-moschino-100ml-edt-lovelove100m,https://dperfumes.cl/i-love-love-edt-100-ml-moschino/
319,direct_beautyperfumes-dperfumes,beautyperfumes,dperfumes,auto:same_name,0.918,MOSCHINO TOY 2 100ML EDP (M),Toy 2 Eau de Parfum 100 ml – Moschino,Moschino,Moschino,100,100,edp,edp,,,https://beautyperfumes.cl/products/moschino-toy-2-edp-100-beauty0149,https://dperfumes.cl/toy-2-edp-100-ml-moschino/
320,direct_beautyperfumes-dperfumes,beautyperfumes,dperfumes,auto:same_name,0.931,MOSCHINO TOY BOY 100ML EDP (H),Toy Boy Eau de Parfum 100 ml – Moschino,Moschino,Moschino,100,100,edp,edp,,,https://beautyperfumes.cl/products/moschino-toy-boy-hombre-100ml-edp-toyboy100h,https://dperfumes.cl/toy-boy-edp-100-ml-moschino/
321,direct_beautyperfumes-dperfumes,beautyperfumes,dperfumes,auto:same_name,0.932,MOSCHINO TOY BOY 50 ML EDP (H),Toy Boy Eau de Parfum 50 ml – Moschino,Moschino,Moschino,50,50,edp,edp,,,https://beautyperfumes.cl/products/moschino-toy-boy-edp-50ml-hombre-mtoyboy50h,https://dperfumes.cl/toy-boy-edp-50-ml-moschino/
322,direct_beautyperfumes-dperfumes,beautyperfumes,dperfumes,auto:same_name,0.923,NAUTICA BLUE 100ML EDT (H),Nautica Blue Eau de Toilette 100 ml – Nautica,Nautica,Nautica,100,100,edt,edt,,,https://beautyperfumes.cl/products/nautica-blue-hombre-100ml-nblue100h,https://dperfumes.cl/nautica-blue-edt-100-ml-nautica/
323,direct_beautyperfumes-dperfumes,beautyperfumes,dperfumes,auto:same_name,0.910,NAUTICA CLASICO 100ML EDT (H),Nautica Classic Eau de Toilette 100 ml – Nautica,Nautica,Nautica,100,100,edt,edt,,,https://beautyperfumes.cl/products/nautica-classic-100-ml-beauty0152,https://dperfumes.cl/nautica-classic-eau-de-toilette-100-ml-nautica/
324,direct_beautyperfumes-dperfumes,beautyperfumes,dperfumes,auto:same_name,0.925,NAUTICA VOYAGE 100ML EDT (H),Nautica Voyage Eau de Toilette 100 ml – Nautica,Nautica,Nautica,100,100,edt,edt,,,https://beautyperfumes.cl/products/nautica-voyage-100ml-beauty0150,https://dperfumes.cl/nautica-voyage-edt-100-ml-nautica/
325,direct_beautyperfumes-dperfumes,beautyperfumes,dperfumes,auto:same_name,0.918,NINA RICCI NINA 80ML EDT (M),Nina Eau de Toilette 80 ml – Nina Ricci,Nina Ricci,Nina Ricci,80,80,edt,edt,,,https://beautyperfumes.cl/products/nina-ricci-nina-80ml-edt-mujer-ninaricci80m,https://dperfumes.cl/nina-edt-80-ml-nina-ricci/
326,direct_beautyperfumes-dperfumes,beautyperfumes,dperfumes,auto:same_name,0.914,OSCAR DE LA RENTA SO DE LA RENTA 100ML EDT (M),Oscar Eau de Toilette 100 ml – Oscar de la Renta,Oscar De La Renta,Oscar de la Renta,100,100,edt,edt,,,https://beautyperfumes.cl/products/oscar-de-la-renta-so-de-la-renta-edt-100ml-mujer-sodelarenta100m,https://dperfumes.cl/oscar-edt-100-ml-oscar-de-la-renta/
327,direct_beautyperfumes-dperfumes,beautyperfumes,dperfumes,auto:same_name,0.930,OSCAR DE LA RENTA ROSAMOR 100ML EDT (M),Rosamor Eau de Toilette 100 ml – Oscar de la Renta,Oscar De La Renta,Oscar de la Renta,100,100,edt,edt,,,https://beautyperfumes.cl/products/rosamor-100ml-edt-mujer-oscar-de-la-renta-rosamor100m,https://dperfumes.cl/rosamor-edt-100-ml-oscar-de-la-renta/
328,direct_beautyperfumes-dperfumes,beautyperfumes,dperfumes,auto:same_name,0.926,OSCAR DE LA RENTA SO DE LA RENTA 100ML EDT (M),So de la Renta Eau de Toilette 100 ml – Oscar de la Renta,Oscar De La Renta,Oscar de la Renta,100,100,edt,edt,,,https://beautyperfumes.cl/products/oscar-de-la-renta-so-de-la-renta-edt-100ml-mujer-sodelarenta100m,https://dperfumes.cl/so-de-la-renta-edt-100-ml-oscar-de-la-renta/
329,direct_beautyperfumes-dperfumes,beautyperfumes,dperfumes,auto:same_name,0.928,OSCAR DE LA RENTA VOLUPTE 100ML EDT (M),Volupté Eau de Toilette 100 ml – Oscar de la Renta,Oscar De La Renta,Oscar de la Renta,100,100,edt,edt,,,https://beautyperfumes.cl/products/volupte-oscar-de-la-renta-edt-100-ml-volupt100m,https://dperfumes.cl/volupte-edt-100-ml-oscar-de-la-renta/
330,direct_beautyperfumes-dperfumes,beautyperfumes,dperfumes,auto:same_name,0.920,PALOMA PICASSO MINOTAURE 75ML EDT (H),Minotaure Eau de Toilette 75 ml – Paloma Picasso,Paloma Picaso,Paloma Picasso,75,75,edt,edt,,,https://beautyperfumes.cl/products/minotauro-paloma-picasso-75ml-edt-beauty0143,https://dperfumes.cl/minotaure-edt-75-ml-paloma-picasso/
331,direct_beautyperfumes-dperfumes,beautyperfumes,dperfumes,auto:same_name,0.974,PARIS HILTON CAN CAN BURLESQUE 236ML (M) BODY MIST,Can Can Burlesque Body Mist 236 ml – Paris Hilton,Paris Hilton,Paris Hilton,236,236,,,,,https://beautyperfumes.cl/products/can-can-burlesque-236ml-splash-burlesque236m,https://dperfumes.cl/can-can-burlesque-body-mist-236-ml-paris-hilton/
332,direct_beautyperfumes-dperfumes,beautyperfumes,dperfumes,auto:same_name,0.949,PARIS HILTON CAN CAN BURLESQUE 100ML EDP (M),Can Can Burlesque Eau de Parfum 100 ml – Paris Hilton,Paris Hilton,Paris Hilton,100,100,edp,edp,,,https://beautyperfumes.cl/products/can-can-burlesque-100ml-beauty0001,https://dperfumes.cl/can-can-burlesque-eau-de-parfum-100-ml-paris-hilton/
333,direct_beautyperfumes-dperfumes,beautyperfumes,dperfumes,auto:same_name,0.934,PARIS HILTON CAN CAN 100ML EDP (M),Can Can Eau de Parfum 100 ml – Paris Hilton,Paris Hilton,Paris Hilton,100,100,edp,edp,,,https://beautyperfumes.cl/products/can-can-paris-hilton-100ml-edp-cancan100m,https://dperfumes.cl/can-can-edp-100-ml-paris-hilton/
334,direct_beautyperfumes-dperfumes,beautyperfumes,dperfumes,auto:same_name,0.923,PARIS HILTON CAN CAN 30ML EDP (M),Can Can Eau de Parfum 30 ml – Paris Hilton,Paris Hilton,Paris Hilton,30,30,edp,edp,,,https://beautyperfumes.cl/products/can-can-30ml-edp-mujer-paris-hilton-cancan30m,https://dperfumes.cl/can-can-edp-30-ml-paris-hilton/
335,direct_beautyperfumes-dperfumes,beautyperfumes,dperfumes,auto:same_name,0.974,PARIS HILTON GOLD RUSH 236ML (M) BODY MIST,Gold Rush Body Mist 236 ml – Paris Hilton,Paris Hilton,Paris Hilton,236,236,,,,,https://beautyperfumes.cl/products/gold-rush-splash-236ml-paros-hilton-goldrush236m,https://dperfumes.cl/gold-rush-body-mist-236-ml-paris-hilton/
336,direct_beautyperfumes-dperfumes,beautyperfumes,dperfumes,auto:same_name,0.969,Heires Body Mist 236Ml,Heiress Body Mist 236 ml – Paris Hilton,Paris Hilton,Paris Hilton,236,236,,,,,https://beautyperfumes.cl/products/heires-body-mist-236ml-6-55994e-13,https://dperfumes.cl/heiress-body-mist-236-ml-paris-hilton/
337,direct_beautyperfumes-dperfumes,beautyperfumes,dperfumes,auto:same_name,0.922,PARIS HILTON HEIRES 100ML EDP (M),Heiress Eau de Parfum 100 ml – Paris Hilton,Paris Hilton,Paris Hilton,100,100,edp,edp,,,https://beautyperfumes.cl/products/paris-hilton-heiress-paris-hilton-100-ml-beauty0174,https://dperfumes.cl/heiress-eau-de-parfum-100-ml-paris-hilton/
338,direct_beautyperfumes-dperfumes,beautyperfumes,dperfumes,auto:same_name,0.976,Paris Hilton Body Mist 236Ml,Paris Hilton Body Mist 236 ml – Paris Hilton,Paris Hilton,Paris Hilton,236,236,,,,,https://beautyperfumes.cl/products/paris-hilton-body-mist-236ml-6-55994e-13,https://dperfumes.cl/paris-hilton-body-mist-236-ml-paris-hilton/
339,direct_beautyperfumes-dperfumes,beautyperfumes,dperfumes,auto:same_name,0.954,PINO SILVESTRE EAU DE TOILETTE 125ML (H),Pino Silvestre Eau de Toilette 125 ml – Pino Silvestre,Pino Silvestre,Pino Silvestre,125,125,edt,edt,,,https://beautyperfumes.cl/products/pino-silvestre-125ml-edt-beauty0181,https://dperfumes.cl/pino-silvestre-edt-125-ml-pino-silvestre/
340,direct_beautyperfumes-dperfumes,beautyperfumes,dperfumes,auto:same_name,0.935,PUIG AQUA QUORUM 100ML EDT,Aqua Quorum Eau de Toilette 100 ml – Puig,Antonio Puig,Puig,100,100,edt,edt,,,https://beautyperfumes.cl/products/quorum-aqua-quorum-edt-100-ml-beauty0193,https://dperfumes.cl/aqua-quorum-edt-100-ml-puig/
341,direct_beautyperfumes-dperfumes,beautyperfumes,dperfumes,auto:same_name,0.918,PUIG QUORUM 100ML EDT (H),Quorum Eau de Toilette 100 ml – Puig,Antonio Puig,Puig,100,100,edt,edt,,,https://beautyperfumes.cl/products/quorum-edt-man-classic-100-ml-quorum100h,https://dperfumes.cl/quorum-edt-100-ml-puig/
342,direct_beautyperfumes-dperfumes,beautyperfumes,dperfumes,auto:same_name,0.923,PUIG QUORUM SILVER 100ML EDT (H),Quorum Silver Eau de Toilette 100 ml – Puig,Antonio Puig,Puig,100,100,edt,edt,,,https://beautyperfumes.cl/products/quorum-silver-100ml-edt-hombre-puig-quorumsilver100h,https://dperfumes.cl/quorum-silver-edt-100-ml-puig/
343,direct_beautyperfumes-dperfumes,beautyperfumes,dperfumes,auto:same_name,0.910,PACO RABANNE BLACK XS 80ML EDP (M),Black XS for Her Eau de Parfum 80 ml – Rabanne,Paco Rabanne,Rabanne,80,80,edp,edp,,,https://beautyperfumes.cl/products/black-xs-80ml-edp-mujer-paco-rabanne-beauty0167,https://dperfumes.cl/black-xs-for-her-eau-de-parfum-80-ml-paco-rabanne/
344,direct_beautyperfumes-dperfumes,beautyperfumes,dperfumes,auto:same_name,0.917,PACO RABANNE FAME 80ML EDP (M),Fame Eau de Parfum 80 ml – Rabanne,Paco Rabanne,Rabanne,80,80,edp,edp,,,https://beautyperfumes.cl/products/fame-80ml-edp-paco-rabanne-mujer-fame80m,https://dperfumes.cl/fame-edp-80-ml-paco-rabanne/
345,direct_beautyperfumes-dperfumes,beautyperfumes,dperfumes,auto:same_name,0.924,PACO RABANNE FAME INTENSE 80ML EDP (M),Fame Intense Eau de Parfum Intense 80 ml – Rabanne,Paco Rabanne,Rabanne,80,80,edp,edp,,,https://beautyperfumes.cl/products/paco-rabanne-fame-intense-edp-80ml-mujer,https://dperfumes.cl/fame-intense-eau-de-parfum-intense-80-ml-paco-rabanne/
346,direct_beautyperfumes-dperfumes,beautyperfumes,dperfumes,auto:same_name,0.918,PACO RABANNE INVICTUS 100ML EDT (H),Invictus Eau de Toilette 100 ml – Rabanne,Paco Rabanne,Rabanne,100,100,edt,edt,,,https://beautyperfumes.cl/products/paco-rabanne-invictus-100ml-edt-hombre-beauty0160,https://dperfumes.cl/invictus-edt-100-ml-paco-rabanne/
347,direct_beautyperfumes-dperfumes,beautyperfumes,dperfumes,auto:same_name,0.919,PACO RABANNE INVICTUS 200ML EDT (H),Invictus Eau de Toilette 200 ml – Rabanne,Paco Rabanne,Rabanne,200,200,edt,edt,,,https://beautyperfumes.cl/products/paco-robbane-invictus-200ml-edt-beauty0161,https://dperfumes.cl/invictus-edt-200-ml-paco-rabanne/
348,direct_beautyperfumes-dperfumes,beautyperfumes,dperfumes,auto:same_name,0.937,PACO RABANNE INVICTUS VICTORY EXTREME 100ML EDP (H),Invictus Victory Eau de Parfum Extreme 100 ml – Rabanne,Paco Rabanne,Rabanne,100,100,edp,edp,,,https://beautyperfumes.cl/products/paco-rabanne-invictus-victory-extreme-100ml-edp-h,https://dperfumes.cl/invictus-victory-edp-extreme-100-ml-paco-rabanne/
349,direct_beautyperfumes-dperfumes,beautyperfumes,dperfumes,auto:same_name,0.923,PACO RABANNE LADY MILLION 80ML EDP (M),Lady Million Eau de Parfum 80 ml – Rabanne,Paco Rabanne,Rabanne,80,80,edp,edp,,,https://beautyperfumes.cl/products/paco-rabban-lady-million-80-ml-beauty0166,https://dperfumes.cl/lady-million-edp-80-ml-paco-rabanne/
350,direct_beautyperfumes-dperfumes,beautyperfumes,dperfumes,auto:same_name,0.927,PACO RABANNE OLYMPEA 80ML EDP (M),Olympéa Eau de Parfum 80 ml – Rabanne,Paco Rabanne,Rabanne,80,80,edp,edp,,,https://beautyperfumes.cl/products/paco-rabanne-olympea-80-ml-beauty0168,https://dperfumes.cl/olympea-edp-80-ml-paco-rabanne/
351,direct_beautyperfumes-dperfumes,beautyperfumes,dperfumes,auto:same_name,0.928,PACO RABANNE POUR HOMME 100ML EDT (H),Paco Rabanne pour Homme Eau de Toilette 100 ml – Rabanne,Paco Rabanne,Rabanne,100,100,edt,edt,,,https://beautyperfumes.cl/products/paco-rabanne-tradicional-verde-100ml-hombre-pacotradicional100h,https://dperfumes.cl/paco-rabanne-pour-homme-eau-de-toilette-100-ml-rabanne/
352,direct_beautyperfumes-dperfumes,beautyperfumes,dperfumes,auto:same_name,0.918,PACO RABANNE PHANTOM 100ML EDT (H),Phantom Eau de Toilette 100 ml – Rabanne,Paco Rabanne,Rabanne,100,100,edt,edt,,,https://beautyperfumes.cl/products/phantom-paco-rabanne-100ml-edt-hombre-phantom100h,https://dperfumes.cl/phantom-edt-100-ml-paco-rabanne/
353,direct_beautyperfumes-dperfumes,beautyperfumes,dperfumes,auto:same_name,0.914,PACO RABANNE PHANTOM EDT 50ML (H),Phantom Eau de Toilette 50 ml – Rabanne,Paco Rabanne,Rabanne,50,50,edt,edt,,,https://beautyperfumes.cl/products/paco-rabanne-phantom-edt-50ml-h,https://dperfumes.cl/phantom-edt-50-ml-paco-rabanne/
354,direct_beautyperfumes-dperfumes,beautyperfumes,dperfumes,auto:same_name,0.906,PACO RABANNE PURE XS 80ML EDP (M),Pure XS for Her Eau de Parfum 80 ml – Rabanne,Paco Rabanne,Rabanne,80,80,edp,edp,,,https://beautyperfumes.cl/products/pure-xs-80ml-edp-mujer-paco-rabanne-purexs80m,https://dperfumes.cl/pure-xs-for-her-edp-80-ml-paco-rabanne/
355,direct_beautyperfumes-dperfumes,beautyperfumes,dperfumes,auto:same_name,0.908,PACO RABANNE ULTRARED WOMAN 80ML EDP (M),Ultrared Eau de Parfum 80 ml – Rabanne,Paco Rabanne,Rabanne,80,80,edp,edp,,,https://beautyperfumes.cl/products/ultrared-woman-80ml-edp-paco-rabanne-mujer-utrared80m,https://dperfumes.cl/ultrared-edp-80-ml-paco-rabanne/
356,direct_beautyperfumes-dperfumes,beautyperfumes,dperfumes,auto:same_name,0.917,PACO RABANNE ULTRAVIOLET MEN 100ML EDT (H),Ultraviolet Man Eau de Toilette 100 ml – Rabanne,Paco Rabanne,Rabanne,100,100,edt,edt,,,https://beautyperfumes.cl/products/paco-rabanne-ultraviolet-man-100-ml-beauty0169,https://dperfumes.cl/ultraviolet-man-edt-100-ml-paco-rabanne/
357,direct_beautyperfumes-dperfumes,beautyperfumes,dperfumes,auto:same_name,0.878,PACO RABANNE PACO 100ML EDT (H),XS Eau de Toilette 100 ml – Rabanne,Paco Rabanne,Rabanne,100,100,edt,edt,,,https://beautyperfumes.cl/products/paco-paco-100ml-edt-beauty0164,https://dperfumes.cl/xs-eau-de-toilette-100-ml-paco-rabanne/
358,direct_beautyperfumes-dperfumes,beautyperfumes,dperfumes,auto:same_name,0.910,PACO RABANNE XS 100ML EDT (H),XS Eau de Toilette 100 ml – Rabanne,Paco Rabanne,Rabanne,100,100,edt,edt,,,https://beautyperfumes.cl/products/paco-rabane-xs-clasico-100-ml-beauty0231,https://dperfumes.cl/xs-eau-de-toilette-100-ml-paco-rabanne/
359,direct_beautyperfumes-dperfumes,beautyperfumes,dperfumes,auto:same_name,0.939,RALPH LAUREN BIG PONY 2 FOR WOMEN 100ML EDT (M),Big Pony 2 for Women Eau de Toilette 100 ml – Ralph Lauren,Ralph Lauren,Ralph Lauren,100,100,edt,edt,,,https://beautyperfumes.cl/products/ralph-lauren-big-pony-2-mujer-100ml-edt-bigpony2100m,https://dperfumes.cl/big-pony-2-for-women-edt-100-ml-ralph-lauren/
360,direct_beautyperfumes-dperfumes,beautyperfumes,dperfumes,auto:same_name,0.920,RALPH LAUREN POLO BLACK 125ML EDT (H),Polo Black Eau de Toilette 125 ml – Ralph Lauren,Ralph Lauren,Ralph Lauren,125,125,edt,edt,,,https://beautyperfumes.cl/products/polo-black-125ml-edt-ralph-lauren-beauty0184,https://dperfumes.cl/polo-black-edt-125-ml-ralph-lauren/
361,direct_beautyperfumes-dperfumes,beautyperfumes,dperfumes,auto:same_name,0.922,RALPH LAUREN POLO BLACK 200ML EDT (H),Polo Black Eau de Toilette 200 ml – Ralph Lauren,Ralph Lauren,Ralph Lauren,200,200,edt,edt,,,https://beautyperfumes.cl/products/polo-black-200ml-edt-hombre-ralph-lauren-poloblack200h,https://dperfumes.cl/polo-black-edt-200-ml-ralph-lauren/
362,direct_beautyperfumes-dperfumes,beautyperfumes,dperfumes,auto:same_name,0.927,RALPH LAUREN POLO BLUE 125ML EDP (H),Polo Blue Eau de Parfum 125 ml – Ralph Lauren,Ralph Lauren,Ralph Lauren,125,125,edp,edp,,,https://beautyperfumes.cl/products/polo-blue-edp-125ml-hombre-ralph-lauren-polobluedp125h,https://dperfumes.cl/polo-blue-edp-125-ml-ralph-lauren/
363,direct_beautyperfumes-dperfumes,beautyperfumes,dperfumes,auto:same_name,0.922,RALPH LAUREN POLO BLUE 125ML EDT (H),Polo Blue Eau de Toilette 125 ml – Ralph Lauren,Ralph Lauren,Ralph Lauren,125,125,edt,edt,,,https://beautyperfumes.cl/products/polo-blue-125ml-edt-ml-beauty0186,https://dperfumes.cl/polo-blue-edt-125-ml-ralph-lauren/
364,direct_beautyperfumes-dperfumes,beautyperfumes,dperfumes,auto:same_name,0.923,RALPH LAUREN POLO BLUE 200ML EDT (H),Polo Blue Eau de Toilette 200 ml – Ralph Lauren,Ralph Lauren,Ralph Lauren,200,200,edt,edt,,,https://beautyperfumes.cl/products/ralph-lauren-polo-blue-200-ml-edt,https://dperfumes.cl/polo-blue-edt-200-ml-ralph-lauren/
365,direct_beautyperfumes-dperfumes,beautyperfumes,dperfumes,auto:same_name,0.942,RALPH LAUREN POLO BLUE 125ML PARFUM (H),Polo Blue Parfum 125 ml – Ralph Lauren,Ralph Lauren,Ralph Lauren,125,125,parfum,parfum,,,https://beautyperfumes.cl/products/ralph-lauren-polo-blue-125ml-parfum-h,https://dperfumes.cl/polo-blue-parfum-125-ml-ralph-lauren/
366,direct_beautyperfumes-dperfumes,beautyperfumes,dperfumes,auto:same_name,0.947,RALPH LAUREN POLO DEEP BLUE 125ML PARFUM (H),Polo Deep Blue Parfum 125 ml – Ralph Lauren,Ralph Lauren,Ralph Lauren,125,125,parfum,parfum,,,https://beautyperfumes.cl/products/ralph-lauren-polo-deep-blue-125ml-parfum-h,https://dperfumes.cl/polo-deep-blue-parfum-125-ml-ralph-lauren/
367,direct_beautyperfumes-dperfumes,beautyperfumes,dperfumes,auto:same_name,0.921,RALPH LAUREN POLO RED 125ML EDT (H),Polo Red Eau de Toilette 125 ml – Ralph Lauren,Ralph Lauren,Ralph Lauren,125,125,edt,edt,,,https://beautyperfumes.cl/products/polo-red-125ml-edt-ralph-lauren-hombre-beauty0162,https://dperfumes.cl/polo-red-edt-125-ml-ralph-lauren/
368,direct_beautyperfumes-dperfumes,beautyperfumes,dperfumes,auto:same_name,0.925,RALPH LAUREN POLO SPORT 125ML EDT (H),Polo Sport Eau de Toilette 125 ml – Ralph Lauren,Ralph Lauren,Ralph Lauren,125,125,edt,edt,,,https://beautyperfumes.cl/products/polo-sport-125ml-edt-hombre-polosport125h,https://dperfumes.cl/polo-sport-edt-125-ml-ralph-lauren/
369,direct_beautyperfumes-dperfumes,beautyperfumes,dperfumes,auto:same_name,0.924,RALPH LAUREN POLO SPORT 75ML EDT (H),Polo Sport Eau de Toilette 75 ml – Ralph Lauren,Ralph Lauren,Ralph Lauren,75,75,edt,edt,,,https://beautyperfumes.cl/products/polo-sport-75ml-edt-clasico-hombre-ralph-lauren-polospor50h,https://dperfumes.cl/polo-sport-edt-75-ml-ralph-lauren/
370,direct_beautyperfumes-dperfumes,beautyperfumes,dperfumes,auto:same_name,0.927,RALPH LAUREN RALPH CLUB EDP 100ML (H),Ralph’s Club Eau de Parfum 100 ml – Ralph Lauren,Ralph Lauren,Ralph Lauren,100,100,edp,edp,,,https://beautyperfumes.cl/products/ralphs-club-100ml-edp-ralph-lauren-ralphclub100h,https://dperfumes.cl/ralphs-club-edp-100-ml-ralph-lauren/
371,direct_beautyperfumes-dperfumes,beautyperfumes,dperfumes,auto:same_name,0.932,RALPH LAUREN ROMANCE 100ML EDP (M),Romance Eau de Parfum 100 ml – Ralph Lauren,Ralph Lauren,Ralph Lauren,100,100,edp,edp,,,https://beautyperfumes.cl/products/ralph-lauren-romance-100ml-edp-mujer-romance100m,https://dperfumes.cl/romance-edp-100-ml-ralph-lauren/
372,direct_beautyperfumes-dperfumes,beautyperfumes,dperfumes,auto:same_name,0.915,RALPH LAUREN SAFARI 125ML EDT (H),Safari for Men Eau de Toilette 125 ml – Ralph Lauren,Ralph Lauren,Ralph Lauren,125,125,edt,edt,,,https://beautyperfumes.cl/products/safari-edt-125ml-hombre-ralph-lauren-safari125h,https://dperfumes.cl/safari-for-men-edt-125-ml-ralph-lauren/
373,direct_beautyperfumes-dperfumes,beautyperfumes,dperfumes,auto:same_name,0.893,RASASI HAWAS 100ML EDP (H),Hawas for Him Eau de Parfum 100 ml – Rasasi,rasasi,Rasasi,100,100,edp,edp,,,https://beautyperfumes.cl/products/rasasi-hawas-100ml-edp-hombre-hawas100h,https://dperfumes.cl/hawas-for-him-eau-de-parfum-100-ml-rasasi/
374,direct_beautyperfumes-dperfumes,beautyperfumes,dperfumes,auto:same_name,0.932,REVLON CHARLIE BLUE 100ML EDT (M),Charlie Blue Eau de Toilette 100 ml – Revlon,Revlon,Revlon,100,100,edt,edt,,,https://beautyperfumes.cl/products/charlie-blue-100-edt-beauty0009,https://dperfumes.cl/charlie-blue-eau-de-toilette-100-ml-revlon/
375,direct_beautyperfumes-dperfumes,beautyperfumes,dperfumes,auto:same_name,0.931,REVLON CHARLIE GOLD 100ML EDT (M),Charlie Gold Eau de Toilette 100 ml – Revlon,Revlon,Revlon,100,100,edt,edt,,,https://beautyperfumes.cl/products/charlie-gold-100ml-edt-mujer-revlon-charliegold100m,https://dperfumes.cl/charlie-gold-eau-de-toilette-100-ml-revlon/
376,direct_beautyperfumes-dperfumes,beautyperfumes,dperfumes,auto:same_name,0.935,REVLON CHARLIE RED 100ML EDT (M),Charlie Red Eau de Toilette 100 ml – Revlon,Revlon,Revlon,100,100,edt,edt,,,https://beautyperfumes.cl/products/cherlie-red-100ml-edt-mujer-revlon-charliered100m,https://dperfumes.cl/charlie-red-eau-de-toilette-100-ml-revlon/
377,direct_beautyperfumes-dperfumes,beautyperfumes,dperfumes,auto:same_name,0.927,REVLON CHARLIE SILVER 100ML EDT (M),Charlie Silver Eau de Toilette 100 ml – Revlon,revlon,Revlon,100,100,edt,edt,,,https://beautyperfumes.cl/products/charlie-silver-100ml-edt-mujer-revlon-charsilver100m,https://dperfumes.cl/charlie-silver-eau-de-toilette-100-ml-revlon/
378,direct_beautyperfumes-dperfumes,beautyperfumes,dperfumes,auto:same_name,0.930,REVLON CHARLIE WHITE 100ML EDT (M),Charlie White Eau de Toilette 100 ml – Revlon,Revlon,Revlon,100,100,edt,edt,,,https://beautyperfumes.cl/products/charlie-white-revlon-edt-100ml-mujer,https://dperfumes.cl/charlie-white-eau-de-toilette-100-ml-revlon/
379,direct_beautyperfumes-dperfumes,beautyperfumes,dperfumes,auto:same_name,0.913,ROCHAS MAN 100ML EDT (H),Rochas Man Eau de Toilette 100 ml – Rochas,Rochas,Rochas,100,100,edt,edt,,,https://beautyperfumes.cl/products/rochas-man-100ml-edt-rochasman100h,https://dperfumes.cl/rochas-man-edt-100-ml-rochas/
380,direct_beautyperfumes-dperfumes,beautyperfumes,dperfumes,auto:same_name,0.938,TED LAPIDUS POUR HOMME 100ML EDT (H),Lapidus pour Homme Eau de Toilette 100 ml – Ted Lapidus,Ted Lapidus,Ted Lapidus,100,100,edt,edt,,,https://beautyperfumes.cl/products/lapidus-pour-homme-100-ml-beauty0130,https://dperfumes.cl/lapidus-pour-homme-edt-100-ml-ted-lapidus/
381,direct_beautyperfumes-dperfumes,beautyperfumes,dperfumes,auto:same_name,0.925,TED LAPIDUS WOMAN 100ML EDT (M),Lapidus Woman Eau de Toilette 100 ml – Ted Lapidus,Ted Lapidus,Ted Lapidus,100,100,edt,edt,,,https://beautyperfumes.cl/products/lapidus-woman-100ml-edt-beauty0132,https://dperfumes.cl/lapidus-woman-edt-100-ml-ted-lapidus/
382,direct_beautyperfumes-dperfumes,beautyperfumes,dperfumes,auto:same_name,0.918,TOMMY HILFIGER TOMMY MEN 100ML EDT (H),Tommy Eau de Toilette 100 ml – Tommy Hilfiger,Tommy Hilfiger,Tommy Hilfiger,100,100,edt,edt,,,https://beautyperfumes.cl/products/tommy-hilfiger-boy-100-ml-tommyboy100,https://dperfumes.cl/tommy-edt-100-ml-tommy-hilfiger/
383,direct_beautyperfumes-dperfumes,beautyperfumes,dperfumes,auto:same_name,0.923,TOMMY HILFIGER TOMMY MEN 200ML EDT (H),Tommy Eau de Toilette 200 ml – Tommy Hilfiger,Tommy Hilfiger,Tommy Hilfiger,200,200,edt,edt,,,https://beautyperfumes.cl/products/tommy-men-edt-200ml-hombre-tommymen200h,https://dperfumes.cl/tommy-eau-de-toilette-200-ml-tommy-hilfiger/
384,direct_beautyperfumes-dperfumes,beautyperfumes,dperfumes,auto:same_name,0.924,TOMMY HILFIGER TOMMY MEN 30ML EDT (H),Tommy Eau de Toilette 30 ml – Tommy Hilfiger,Tommy Hilfiger,Tommy Hilfiger,30,30,edt,edt,,,https://beautyperfumes.cl/products/tommy-men-30ml-edt-hombre-tommymen30h,https://dperfumes.cl/tommy-edt-30-ml-tommy-hilfiger/
385,direct_beautyperfumes-dperfumes,beautyperfumes,dperfumes,auto:same_name,0.921,TOMMY HILFIGER TOMMY MEN 50ML EDT (H),Tommy Eau de Toilette 50 ml – Tommy Hilfiger,Tommy Hilfiger,Tommy Hilfiger,50,50,edt,edt,,,https://beautyperfumes.cl/products/tommy-50ml-edt-thboy50h,https://dperfumes.cl/tommy-eau-de-toilette-50-ml-tommy-hilfiger/
386,direct_beautyperfumes-dperfumes,beautyperfumes,dperfumes,auto:same_name,0.932,TOMMY HILFIGER TOMMY GIRL 100ML EDT (M),Tommy Girl Eau de Toilette 100 ml – Tommy Hilfiger,Tommy Hilfiger,Tommy Hilfiger,100,100,edt,edt,,,https://beautyperfumes.cl/products/tommy-girl-edt-100ml-mujer-tommygirl100,https://dperfumes.cl/tommy-girl-edt-100-ml-tommy-hilfiger/
387,direct_beautyperfumes-dperfumes,beautyperfumes,dperfumes,auto:same_name,0.936,TOMMY HILFIGER TOMMY GIRL 200ML EDT (M),Tommy Girl Eau de Toilette 200 ml – Tommy Hilfiger,Tommy Hilfiger,Tommy Hilfiger,200,200,edt,edt,,,https://beautyperfumes.cl/products/tommy-girl-edt-200ml-mujer-tommygirl200m,https://dperfumes.cl/tommy-girl-eau-de-toilette-200-ml-tommy-hilfiger/
388,direct_beautyperfumes-dperfumes,beautyperfumes,dperfumes,auto:same_name,0.937,TOMMY HILFIGER TOMMY GIRL 30ML EDT (M),Tommy Girl Eau de Toilette 30 ml – Tommy Hilfiger,Tommy Hilfiger,Tommy Hilfiger,30,30,edt,edt,,,https://beautyperfumes.cl/products/tommy-girl-30ml-edt-mujer-tommygirl30m,https://dperfumes.cl/tommy-girl-edt-30-ml-tommy-hilfiger/
389,direct_beautyperfumes-dperfumes,beautyperfumes,dperfumes,auto:same_name,0.933,TOMMY HILFIGER TOMMY GIRL 50ML EDT (M),Tommy Girl Eau de Toilette 50 ml – Tommy Hilfiger,Tommy Hilfiger,Tommy Hilfiger,50,50,edt,edt,,,https://beautyperfumes.cl/products/tommy-girl-edt-50ml-mujer,https://dperfumes.cl/tommy-girl-eau-de-toilette-50-ml-tommy-hilfiger/
390,direct_beautyperfumes-dperfumes,beautyperfumes,dperfumes,auto:same_name,0.936,TOMMY HILFIGER TOMMY GIRL NOW 100ML EDT (M),Tommy Girl Now Eau de Toilette 100 ml – Tommy Hilfiger,Tommy Hilfiger,Tommy Hilfiger,100,100,edt,edt,,,https://beautyperfumes.cl/products/tommy-girl-now-100mledt-thnow100m,https://dperfumes.cl/tommy-girl-now-edt-100-ml-tommy-hilfiger/
391,direct_beautyperfumes-dperfumes,beautyperfumes,dperfumes,auto:same_name,0.921,TOUS GOLD 90ML EDP (M),Tous Gold Eau de Parfum 90 ml – Tous,Tous,Tous,90,90,edp,edp,,,https://beautyperfumes.cl/products/tous-gold-edp-90-ml-tousgold90m,https://dperfumes.cl/tous-gold-edp-90-ml-tous/
392,direct_beautyperfumes-dperfumes,beautyperfumes,dperfumes,auto:same_name,0.919,TOUS MAN INTENSE 100ML EDT (H),Tous Man Intense Eau de Toilette 100 ml – Tous,Tous,Tous,100,100,edt,edt,,,https://beautyperfumes.cl/products/tous-man-intense-100ml-edt-hombre-tousmanint100h,https://dperfumes.cl/tous-man-intense-edt-100-ml-tous/
393,direct_beautyperfumes-dperfumes,beautyperfumes,dperfumes,auto:same_name,0.908,BENETTON COLD BENETTON 100ML EDT (U),Cold Eau de Toilette 100 ml – United Colors of Benetton,Benetton,United Colors of Benetton,100,100,edt,edt,,,https://beautyperfumes.cl/products/cold-benetton-100ml-edt-bcold100h,https://dperfumes.cl/cold-edt-100-ml-united-colors-of-benetton/
394,direct_beautyperfumes-dperfumes,beautyperfumes,dperfumes,auto:same_name,0.907,BENETTON HOT 100ML EDT (U),Hot Eau de Toilette 100 ml – United Colors of Benetton,Benetton,United Colors of Benetton,100,100,edt,edt,,,https://beautyperfumes.cl/products/hot-benetton100ml-edt-bhot100m,https://dperfumes.cl/hot-edt-100-ml-united-colors-of-benetton/
395,direct_beautyperfumes-dperfumes,beautyperfumes,dperfumes,auto:same_name,0.923,BENETTON UNITED DREAMS AIM HIGH 100ML EDT (U),United Dreams Aim High for Men Eau de Toilette 100 ml – United Colors of Benetton,Benetton,United Colors of Benetton,100,100,edt,edt,,,https://beautyperfumes.cl/products/united-dreams-aim-high-100ml-edt-benetton-baimhigh100h,https://dperfumes.cl/united-dreams-aim-high-for-men-edt-100-ml-united-colors-of-benetton/
396,direct_beautyperfumes-dperfumes,beautyperfumes,dperfumes,auto:same_name,0.943,VERSACE BLUE JEANS 75ML (H),Blue Jeans Eau de Toilette 75 ml – Versace,Versace,Versace,75,75,,edt,,,https://beautyperfumes.cl/products/blue-jeans-versace-75ml-vbluej75h,https://dperfumes.cl/blue-jeans-edt-75-ml-versace/
397,direct_beautyperfumes-dperfumes,beautyperfumes,dperfumes,auto:same_name,0.942,VERSACE BRIGHT CRYSTAL ABSOLU 90ML EDP (M),Bright Crystal Absolu Eau de Parfum 90 ml – Versace,Versace,Versace,90,90,edp,edp,,,https://beautyperfumes.cl/products/versace-bright-crystal-absolu-edp-90-ml-vbrcrab90m,https://dperfumes.cl/bright-crystal-absolu-edp-90-ml-versace/
398,direct_beautyperfumes-dperfumes,beautyperfumes,dperfumes,auto:same_name,0.940,VERSACE BRIGHT CRYSTAL 90ML EDT (M),Bright Crystal Eau de Toilette 90 ml – Versace,Versace,Versace,90,90,edt,edt,,,https://beautyperfumes.cl/products/bright-crystal-versace-90ml-edt-mujer-vbc90m,https://dperfumes.cl/bright-crystal-edt-90-ml-versace/
399,direct_beautyperfumes-dperfumes,beautyperfumes,dperfumes,auto:same_name,0.935,VERSACE CRYSTAL NOIR 90ML EDT (M),Crystal Noir Eau de Toilette 90 ml – Versace,Versace,Versace,90,90,edt,edt,,,https://beautyperfumes.cl/products/versace-crystal-noir-90ml-edt-mujer-vcrystalnoir90m-floral-perfumedeotono-femenino-elegante,https://dperfumes.cl/crystal-noir-edt-90-ml-versace/
400,direct_beautyperfumes-dperfumes,beautyperfumes,dperfumes,auto:same_name,0.941,VERSACE EROS FLAME 100ML EDP (H),Eros Flame Eau de Parfum 100 ml – Versace,Versace,Versace,100,100,edp,edp,,,https://beautyperfumes.cl/products/eros-flame-100ml-edp-hombre-versace-erosflame100h,https://dperfumes.cl/eros-flame-edp-100-ml-versace/
401,direct_beautyperfumes-dperfumes,beautyperfumes,dperfumes,auto:same_name,0.941,VERSACE EROS FLAME 200ML EDP (H),Eros Flame Eau de Parfum 200 ml – Versace,Versace,Versace,200,200,edp,edp,,,https://beautyperfumes.cl/products/versace-eros-flame-200ml-edp-hombre-eroflame200h,https://dperfumes.cl/eros-flame-edp-200-ml-versace/
402,direct_beautyperfumes-dperfumes,beautyperfumes,dperfumes,auto:same_name,0.921,VERSACE EAU FRAICHE MAN 100ML EDT (H),Versace Man Eau Fraîche Eau de Toilette 100 ml – Versace,Versace,Versace,100,100,edt,edt,,,https://beautyperfumes.cl/products/versace-eau-fraich-100ml-edt-eaufreaich100h,https://dperfumes.cl/versace-man-eau-fraiche-edt-100-ml-versace/
403,direct_beautyperfumes-dperfumes,beautyperfumes,dperfumes,auto:same_name,0.922,VERSACE EAU FRAICHE MAN 200ML EDT (H),Versace Man Eau Fraîche Eau de Toilette 200 ml – Versace,Versace,Versace,200,200,edt,edt,,,https://beautyperfumes.cl/products/versace-eau-fraiche-man-200ml-edt-h,https://dperfumes.cl/versace-man-eau-fraiche-edt-200-ml-versace/
404,direct_beautyperfumes-dperfumes,beautyperfumes,dperfumes,auto:same_name,0.926,VERSACE EAU FRAICHE MAN 50ML (H),Versace Man Eau Fraîche Eau de Toilette 50 ml – Versace,Versace,Versace,50,50,,edt,,,https://beautyperfumes.cl/products/versace-eau-fraiche-man-50-ml-eaufraiche50h,https://dperfumes.cl/versace-man-eau-fraiche-eau-de-toilette-50-ml-versace/
405,direct_beautyperfumes-dperfumes,beautyperfumes,dperfumes,auto:same_name,0.929,VERSACE POUR HOMME 100ML (H),Versace pour Homme Eau de Toilette 100 ml – Versace,Versace,Versace,100,100,,edt,,,https://beautyperfumes.cl/products/versace-pour-homme-edt-100ml-hombre-versacepour100h,https://dperfumes.cl/versace-pour-homme-edt-100-ml-versace/
406,direct_beautyperfumes-dperfumes,beautyperfumes,dperfumes,auto:same_name,0.930,VERSACE POUR HOMME 200ML (H),Versace pour Homme Eau de Toilette 200 ml – Versace,Versace,Versace,200,200,,edt,,,https://beautyperfumes.cl/products/versace-pour-homme-200ml-h,https://dperfumes.cl/versace-pour-homme-edt-200-ml-versace/
407,direct_beautyperfumes-dperfumes,beautyperfumes,dperfumes,auto:same_name,0.920,VERSACE WOMAN 100ML EDP (M),Versace Woman Eau de Parfum 100 ml – Versace,Versace,Versace,100,100,edp,edp,,,https://beautyperfumes.cl/products/versace-woman-100ml-edp-mujer-vwoman100m,https://dperfumes.cl/versace-woman-edp-100-ml-versace/
408,direct_beautyperfumes-dperfumes,beautyperfumes,dperfumes,auto:same_name,0.923,VERSACE VERSENSE 100ML EDT (M),Versense Eau de Toilette 100 ml – Versace,Versace,Versace,100,100,edt,edt,,,https://beautyperfumes.cl/products/versace-versense-edt-100-ml-versense100m,https://dperfumes.cl/versense-edt-100-ml-versace/
409,direct_beautyperfumes-dperfumes,beautyperfumes,dperfumes,auto:same_name,0.941,VERSACE YELLOW DIAMOND 90ML EDT (M),Yellow Diamond Eau de Toilette 90 ml – Versace,Versace,Versace,90,90,edt,edt,,,https://beautyperfumes.cl/products/versace-yellow-diamond-90ml-edt-mujer-vyellod90m,https://dperfumes.cl/yellow-diamond-edt-90-ml-versace/
410,direct_beautyperfumes-dperfumes,beautyperfumes,dperfumes,auto:same_name,0.936,XERJOFF ERBA PURA EDP 100ML (U),Erba Pura Eau de Parfum 100 ml – Xerjoff,Xerjoff,Xerjoff,100,100,edp,edp,,,https://beautyperfumes.cl/products/xerjoff-erba-pura-edp-100ml-u,https://dperfumes.cl/erba-pura-edp-100-ml-xerjoff/
411,direct_beautyperfumes-dperfumes,beautyperfumes,dperfumes,auto:same_name,0.943,YVES SAINT LAURENT BLACK OPIUM 30ML EDP (M),Black Opium Eau de Parfum 30 ml – Yves Saint Laurent,Yves Saint Laurent,Yves Saint Laurent,30,30,edp,edp,,,https://beautyperfumes.cl/products/black-opium-30ml-edp-mujer-blackopium30m,https://dperfumes.cl/black-opium-edp-30-ml-yves-saint-laurent/
412,direct_beautyperfumes-dperfumes,beautyperfumes,dperfumes,auto:same_name,0.945,YVES SAINT LAURENT BLACK OPIUM 90ML EDP (M),Black Opium Eau de Parfum 90 ml – Yves Saint Laurent,Yves Saint Laurent,Yves Saint Laurent,90,90,edp,edp,,,https://beautyperfumes.cl/products/black-opium-90ml-edp-mujer-blackopium100m,https://dperfumes.cl/black-opium-edp-90-ml-yves-saint-laurent/
413,direct_beautyperfumes-dperfumes,beautyperfumes,dperfumes,auto:same_name,0.944,YVES SAINT LAURENT BLACK OPIUM OVER RED 90ML EDP (M),Black Opium Eau de Parfum Over Red 90 ml – Yves Saint Laurent,Yves Saint Laurent,Yves Saint Laurent,90,90,edp,edp,,,https://beautyperfumes.cl/products/yves-saint-laurent-black-opium-over-red-90ml-edp-m,https://dperfumes.cl/black-opium-eau-de-parfum-over-red-90-ml-yves-saint-laurent/
414,direct_beautyperfumes-dperfumes,beautyperfumes,dperfumes,auto:same_name,0.938,YVES SAINT LAURENT KOUROS BODY 100ML EDT (H),Body Kouros Eau de Toilette 100 ml – Yves Saint Laurent,Yves Saint Laurent,Yves Saint Laurent,100,100,edt,edt,,,https://beautyperfumes.cl/products/kouros-body-100ml-edt-hombre-yvessaintlaurent-kourosbody100h,https://dperfumes.cl/body-kouros-edt-100-ml-yves-saint-laurent/
415,direct_beautyperfumes-dperfumes,beautyperfumes,dperfumes,auto:same_name,0.933,YVES SAINT LAURENT KOUROS 100ML EDT (H),Kouros Eau de Toilette 100 ml – Yves Saint Laurent,Yves Saint Laurent,Yves Saint Laurent,100,100,edt,edt,,,https://beautyperfumes.cl/products/yves-saint-laurent-kouros-edt-100-ml-hombre-original,https://dperfumes.cl/kouros-edt-100-ml-yves-saint-laurent/
416,direct_beautyperfumes-dperfumes,beautyperfumes,dperfumes,auto:same_name,0.929,YVES SAINT LAURENT LIBRE 30ML EDP (M),Libre Eau de Parfum 30 ml – Yves Saint Laurent,Yves Saint Laurent,Yves Saint Laurent,30,30,edp,edp,,,https://beautyperfumes.cl/products/libre-30ml-ysl-edp-30ml-beauty0133,https://dperfumes.cl/libre-edp-30-ml-yves-saint-laurent/
417,direct_beautyperfumes-dperfumes,beautyperfumes,dperfumes,auto:same_name,0.930,YVES SAINT LAURENT LIBRE 50ML EDP (M),Libre Eau de Parfum 50 ml – Yves Saint Laurent,Yves Saint Laurent,Yves Saint Laurent,50,50,edp,edp,,,https://beautyperfumes.cl/products/libre-50ml-edp-ysl-mujer-libre50m,https://dperfumes.cl/libre-edp-50-ml-yves-saint-laurent/
418,direct_beautyperfumes-dperfumes,beautyperfumes,dperfumes,auto:same_name,0.931,YVES SAINT LAURENT LIBRE 90ML EDP (M),Libre Eau de Parfum 90 ml – Yves Saint Laurent,Yves Saint Laurent,Yves Saint Laurent,90,90,edp,edp,,,https://beautyperfumes.cl/products/libre-ysl-90ml-edp-beauty0134,https://dperfumes.cl/libre-edp-90-ml-yves-saint-laurent/
419,direct_beautyperfumes-dperfumes,beautyperfumes,dperfumes,auto:same_name,0.934,YVES SAINT LAURENT LIBRE EDP INTENSE 90ML (M),Libre Eau de Parfum Intense 90 ml – Yves Saint Laurent,Yves Saint Laurent,Yves Saint Laurent,90,90,edp,edp,,,https://beautyperfumes.cl/products/libre-intense-90ml-edp-mujer-yvessaintlaurent-libreinten90m,https://dperfumes.cl/libre-eau-de-parfum-intense-90-ml-yves-saint-laurent/
420,direct_beautyperfumes-dperfumes,beautyperfumes,dperfumes,auto:same_name,0.938,YVES SAINT LAURENT MYSLF EDP 100ML (H),MYSLF Eau de Parfum 100 ml – Yves Saint Laurent,Yves Saint Laurent,Yves Saint Laurent,100,100,edp,edp,,,https://beautyperfumes.cl/products/yves-saint-laurent-myslf-edp-100ml-h,https://dperfumes.cl/myslf-edp-100-ml-yves-saint-laurent/
421,direct_beautyperfumes-dperfumes,beautyperfumes,dperfumes,auto:same_name,0.936,YVES SAINT LAURENT OPIUM EDT 90ML (M),Opium Eau de Toilette 90 ml – Yves Saint Laurent,Yves Saint Laurent,Yves Saint Laurent,90,90,edt,edt,,,https://beautyperfumes.cl/products/black-opium-edt-90ml-mujer-ysl-blackopiumedt90m,https://dperfumes.cl/opium-edt-90-ml-yves-saint-laurent/
422,direct_beautyperfumes-dperfumes,beautyperfumes,dperfumes,auto:same_name,0.916,YVES SAINT LAURENT Y EDP MEN 100ML (H),Y Eau de Parfum 100 ml – Yves Saint Laurent,Yves Saint Laurent,Yves Saint Laurent,100,100,edp,edp,,,https://beautyperfumes.cl/products/yves-saint-laurent-y-edp-men-100ml-h,https://dperfumes.cl/y-edp-100-ml-yves-saint-laurent/
423,direct_beautyperfumes-dperfumes,beautyperfumes,dperfumes,auto:same_name,0.922,YVES SAINT LAURENT Y MEN 100ML EDT (H),Y Eau de Toilette 100 ml – Yves Saint Laurent,Yves Saint Laurent,Yves Saint Laurent,100,100,edt,edt,,,https://beautyperfumes.cl/products/yves-saint-laurent-y-men-100ml-edt-y100edth,https://dperfumes.cl/y-edt-100-ml-yves-saint-laurent/
424,direct_beautyperfumes-dperfumes,beautyperfumes,dperfumes,auto:same_name,0.924,YVES SAINT LAURENT L HOMME 100ML EDT (H),Y Eau de Toilette 100 ml – Yves Saint Laurent,Yves Saint Laurent,Yves Saint Laurent,100,100,edt,edt,,,https://beautyperfumes.cl/products/l-homme-yves-saint-laurent-100ml-edt-hombre-yveslhomme100h,https://dperfumes.cl/y-edt-100-ml-yves-saint-laurent/
425,direct_beautyperfumes-dperfumes,beautyperfumes,dperfumes,auto:same_name,0.948,YVES SAINT LAURENT Y LE PARFUM 100ML (H),Y Le Parfum 100 ml – Yves Saint Laurent,Yves Saint Laurent,Yves Saint Laurent,100,100,parfum,parfum,,,https://beautyperfumes.cl/products/yves-saint-laurent-y-le-parfum-100ml-hombre-yslparfum100h,https://dperfumes.cl/y-le-parfum-100-ml-yves-saint-laurent/
